2026-08-14 20:54:50,061 [INFO] __main__: Starting Gesture AI — Hand Gesture Control System v1.0.0
2026-08-14 20:54:50,291 [INFO] database.db_manager: Database tables verified/created successfully.
2026-08-14 20:54:50,291 [INFO] database.db_manager: Database connection established successfully at F:\Gesture AI\gesture_ai.db
2026-08-14 20:54:50,292 [INFO] auth.auth_manager: AuthManager initialized
2026-08-14 20:54:50,327 [WARNING] core.command_executor: Failed to initialize volume control: 'AudioDevice' object has no attribute 'Activate'
2026-08-14 20:54:50,328 [INFO] core.command_executor: CommandExecutor initialized: pyautogui=True, volume=True, brightness=True, screen=1920x1080
2026-08-14 20:54:51,101 [INFO] __main__: GestureAIApp initialized
2026-08-14 20:55:56,467 [INFO] __main__: Starting Gesture AI — Hand Gesture Control System v1.0.0
2026-08-14 20:55:56,655 [INFO] database.db_manager: Database tables verified/created successfully.
2026-08-14 20:55:56,655 [INFO] database.db_manager: Database connection established successfully at F:\Gesture AI\gesture_ai.db
2026-08-14 20:55:56,655 [INFO] auth.auth_manager: AuthManager initialized
2026-08-14 20:55:56,709 [INFO] core.command_executor: Volume control initialized (pycaw)
2026-08-14 20:55:56,709 [INFO] core.command_executor: CommandExecutor initialized: pyautogui=True, volume=True, brightness=True, screen=1920x1080
2026-08-14 20:55:57,446 [INFO] __main__: GestureAIApp initialized
2026-08-14 20:56:19,548 [INFO] __main__: Starting Gesture AI — Hand Gesture Control System v1.0.0
2026-08-14 20:56:19,687 [INFO] database.db_manager: Database tables verified/created successfully.
2026-08-14 20:56:19,687 [INFO] database.db_manager: Database connection established successfully at F:\Gesture AI\gesture_ai.db
2026-08-14 20:56:19,687 [INFO] auth.auth_manager: AuthManager initialized
2026-08-14 20:56:19,740 [INFO] core.command_executor: Volume control initialized (pycaw)
2026-08-14 20:56:19,740 [INFO] core.command_executor: CommandExecutor initialized: pyautogui=True, volume=True, brightness=True, screen=1920x1080
2026-08-14 20:56:20,516 [INFO] __main__: GestureAIApp initialized
2026-08-14 20:58:12,761 [INFO] __main__: Starting Gesture AI — Hand Gesture Control System v1.0.0
2026-08-14 20:58:12,939 [INFO] database.db_manager: Database tables verified/created successfully.
2026-08-14 20:58:12,939 [INFO] database.db_manager: Database connection established successfully at F:\Gesture AI\gesture_ai.db
2026-08-14 20:58:12,939 [INFO] auth.auth_manager: AuthManager initialized
2026-08-14 20:58:12,976 [INFO] core.command_executor: Volume control initialized (pycaw)
2026-08-14 20:58:12,976 [INFO] core.command_executor: CommandExecutor initialized: pyautogui=True, volume=True, brightness=True, screen=1920x1080
2026-08-14 20:58:13,651 [INFO] __main__: GestureAIApp initialized
2026-08-14 20:58:44,580 [INFO] __main__: Starting Gesture AI — Hand Gesture Control System v1.0.0
2026-08-14 20:58:44,735 [INFO] database.db_manager: Database tables verified/created successfully.
2026-08-14 20:58:44,736 [INFO] database.db_manager: Database connection established successfully at F:\Gesture AI\gesture_ai.db
2026-08-14 20:58:44,736 [INFO] auth.auth_manager: AuthManager initialized
2026-08-14 20:58:44,788 [INFO] core.command_executor: Volume control initialized (pycaw)
2026-08-14 20:58:44,789 [INFO] core.command_executor: CommandExecutor initialized: pyautogui=True, volume=True, brightness=True, screen=1920x1080
2026-08-14 20:58:45,486 [INFO] __main__: GestureAIApp initialized
2026-08-14 20:59:21,319 [INFO] __main__: Starting Gesture AI — Hand Gesture Control System v1.0.0
2026-08-14 20:59:21,455 [INFO] database.db_manager: Database tables verified/created successfully.
2026-08-14 20:59:21,456 [INFO] database.db_manager: Database connection established successfully at F:\Gesture AI\gesture_ai.db
2026-08-14 20:59:21,456 [INFO] auth.auth_manager: AuthManager initialized
2026-08-14 20:59:21,509 [INFO] core.command_executor: Volume control initialized (pycaw)
2026-08-14 20:59:21,509 [INFO] core.command_executor: CommandExecutor initialized: pyautogui=True, volume=True, brightness=True, screen=1920x1080
2026-08-14 20:59:21,999 [INFO] __main__: GestureAIApp initialized
2026-08-14 20:59:57,166 [INFO] database.db_manager: User added: rudra
2026-08-14 20:59:57,206 [INFO] database.db_manager: Default mappings initialized for user 1
2026-08-14 20:59:57,206 [INFO] auth.auth_manager: User registered successfully: rudra (ID: 1)
2026-08-14 21:00:05,820 [INFO] auth.auth_manager: User logged in: rudra
2026-08-14 21:00:06,357 [INFO] core.gesture_recognizer: GestureRecognizer initialized (user_id=1, ml_model=none)
2026-08-14 21:00:06,359 [INFO] training.gesture_trainer: GestureTrainer initialized for user 1
2026-08-14 21:00:06,359 [INFO] monitoring.performance_monitor: PerformanceMonitor initialized
2026-08-14 21:00:25,676 [INFO] core.video_capture: VideoCapture configured: camera=0, resolution=1280x720, fps=30
2026-08-14 21:00:30,077 [INFO] core.video_capture: Camera opened: 1280x720 @ 30fps
2026-08-14 21:00:30,088 [INFO] core.hand_detector: HandDetector initialized: max_hands=2, det_conf=0.7, track_conf=0.5
2026-08-14 21:00:30,089 [INFO] monitoring.performance_monitor: PerformanceMonitor reset
2026-08-14 21:00:53,706 [INFO] core.command_executor: Mouse tracking enabled
2026-08-14 21:00:57,216 [INFO] core.command_executor: Mouse tracking disabled
2026-08-14 21:00:58,915 [WARNING] screen_brightness_control.windows: exception parsing edid str for DISPLAY\AUO25ED\4&103e08ff&0&UID265988_0 - EDIDParseError: parsed EDID returned invalid display name
2026-08-14 21:01:03,840 [WARNING] screen_brightness_control.windows: exception parsing edid str for DISPLAY\AUO25ED\4&103e08ff&0&UID265988_0 - EDIDParseError: parsed EDID returned invalid display name
2026-08-14 21:01:13,259 [WARNING] screen_brightness_control.windows: exception parsing edid str for DISPLAY\AUO25ED\4&103e08ff&0&UID265988_0 - EDIDParseError: parsed EDID returned invalid display name
2026-08-14 21:01:19,024 [INFO] core.command_executor: Recognition PAUSED
2026-08-14 21:01:45,041 [INFO] core.video_capture: Camera released
2026-08-14 21:01:45,048 [INFO] core.hand_detector: HandDetector closed
2026-08-14 21:01:49,495 [INFO] core.video_capture: VideoCapture configured: camera=0, resolution=1280x720, fps=30
2026-08-14 21:01:51,127 [INFO] core.video_capture: Camera opened: 1280x720 @ 30fps
2026-08-14 21:01:51,136 [INFO] core.hand_detector: HandDetector initialized: max_hands=2, det_conf=0.7, track_conf=0.5
2026-08-14 21:01:51,136 [INFO] monitoring.performance_monitor: PerformanceMonitor reset
2026-08-14 21:02:03,292 [INFO] core.video_capture: Camera released
2026-08-14 21:02:03,305 [INFO] core.hand_detector: HandDetector closed
2026-08-14 21:02:12,860 [INFO] core.video_capture: VideoCapture configured: camera=0, resolution=1280x720, fps=30
2026-08-14 21:02:14,545 [INFO] core.video_capture: Camera opened: 1280x720 @ 30fps
2026-08-14 21:02:14,552 [INFO] core.hand_detector: HandDetector initialized: max_hands=2, det_conf=0.7, track_conf=0.5
2026-08-14 21:02:14,552 [INFO] monitoring.performance_monitor: PerformanceMonitor reset
2026-08-14 21:02:28,536 [INFO] core.command_executor: Mouse tracking enabled
2026-08-14 21:02:29,097 [INFO] core.command_executor: Mouse tracking disabled
2026-08-14 21:02:33,495 [INFO] core.video_capture: Camera released
2026-08-14 21:02:33,505 [INFO] core.hand_detector: HandDetector closed
2026-08-14 21:02:46,142 [INFO] core.video_capture: Camera released
2026-08-14 21:02:46,997 [INFO] core.video_capture: Camera released
2026-08-14 21:02:49,126 [INFO] core.video_capture: Camera released
2026-08-14 21:02:49,680 [INFO] core.video_capture: Camera released
2026-08-14 21:02:50,011 [INFO] core.video_capture: Camera released
2026-08-14 21:02:50,181 [INFO] core.video_capture: Camera released
2026-08-14 21:02:50,337 [INFO] core.video_capture: Camera released
2026-08-14 21:02:50,492 [INFO] core.video_capture: Camera released
2026-08-14 21:02:56,464 [INFO] core.video_capture: VideoCapture configured: camera=0, resolution=1280x720, fps=30
2026-08-14 21:02:58,160 [INFO] core.video_capture: Camera opened: 1280x720 @ 30fps
2026-08-14 21:02:58,173 [INFO] core.hand_detector: HandDetector initialized: max_hands=2, det_conf=0.7, track_conf=0.5
2026-08-14 21:02:58,174 [INFO] monitoring.performance_monitor: PerformanceMonitor reset
2026-08-14 21:03:00,522 [INFO] core.video_capture: Camera released
2026-08-14 21:03:00,526 [INFO] core.hand_detector: HandDetector closed
2026-08-14 21:03:03,403 [INFO] core.video_capture: Camera released
2026-08-14 21:03:03,591 [INFO] core.video_capture: Camera released
2026-08-14 21:03:03,762 [INFO] core.video_capture: Camera released
2026-08-14 21:03:03,927 [INFO] core.video_capture: Camera released
2026-08-14 21:03:04,089 [INFO] core.video_capture: Camera released
2026-08-14 21:03:04,253 [INFO] core.video_capture: Camera released
2026-08-14 21:03:18,123 [INFO] core.video_capture: Camera released
2026-08-14 21:03:18,693 [INFO] core.video_capture: Camera released
2026-08-14 21:03:26,103 [INFO] core.video_capture: Camera released
2026-08-14 21:03:33,696 [INFO] core.video_capture: Camera released
2026-08-14 21:03:36,404 [INFO] core.video_capture: VideoCapture configured: camera=0, resolution=1280x720, fps=30
2026-08-14 21:03:38,129 [INFO] core.video_capture: Camera opened: 1280x720 @ 30fps
2026-08-14 21:03:38,136 [INFO] core.hand_detector: HandDetector initialized: max_hands=2, det_conf=0.7, track_conf=0.5
2026-08-14 21:03:38,137 [INFO] monitoring.performance_monitor: PerformanceMonitor reset
2026-08-14 21:03:59,880 [INFO] core.video_capture: Camera released
2026-08-14 21:03:59,896 [INFO] core.hand_detector: HandDetector closed
2026-08-14 21:04:00,190 [INFO] core.command_executor: Mouse tracking enabled
2026-08-14 21:04:05,847 [INFO] core.video_capture: Camera released
2026-08-14 21:04:06,276 [INFO] core.video_capture: Camera released
2026-08-14 21:04:06,467 [INFO] core.video_capture: Camera released
2026-08-14 21:04:06,662 [INFO] core.video_capture: Camera released
2026-08-14 21:04:06,877 [INFO] core.video_capture: Camera released
2026-08-14 21:04:07,297 [INFO] core.video_capture: Camera released
2026-08-14 21:04:07,535 [INFO] core.video_capture: Camera released
2026-08-14 21:04:07,742 [INFO] core.video_capture: Camera released
2026-08-14 21:04:07,891 [INFO] core.video_capture: Camera released
2026-08-14 21:04:09,531 [INFO] core.video_capture: Camera released
2026-08-14 21:04:09,695 [INFO] core.video_capture: Camera released
2026-08-14 21:04:10,314 [INFO] core.video_capture: Camera released
2026-08-14 21:04:10,853 [INFO] core.video_capture: Camera released
2026-08-14 21:09:40,254 [INFO] __main__: Starting Gesture AI — Hand Gesture Control System v1.0.0
2026-08-14 21:09:40,353 [INFO] database.db_manager: Database tables verified/created successfully.
2026-08-14 21:09:40,353 [INFO] database.db_manager: Database connection established successfully at F:\Gesture AI\gesture_ai.db
2026-08-14 21:09:40,353 [INFO] auth.auth_manager: AuthManager initialized
2026-08-14 21:09:40,385 [INFO] core.command_executor: Volume control initialized (pycaw)
2026-08-14 21:09:40,385 [INFO] core.command_executor: CommandExecutor initialized: pyautogui=True, volume=True, brightness=True, screen=1920x1080
2026-08-14 21:09:40,863 [INFO] __main__: GestureAIApp initialized
2026-08-14 21:09:50,901 [INFO] auth.auth_manager: User logged in: rudra
2026-08-14 21:09:51,429 [INFO] core.gesture_recognizer: GestureRecognizer initialized (user_id=1, ml_model=none)
2026-08-14 21:09:51,429 [INFO] training.gesture_trainer: GestureTrainer initialized for user 1
2026-08-14 21:09:51,429 [INFO] monitoring.performance_monitor: PerformanceMonitor initialized
2026-08-14 21:09:58,591 [INFO] core.video_capture: VideoCapture configured: camera=0, resolution=1280x720, fps=30
2026-08-14 21:10:00,513 [INFO] core.video_capture: Camera opened: 1280x720 @ 30fps
2026-08-14 21:10:00,528 [INFO] core.hand_detector: HandDetector initialized: max_hands=2, det_conf=0.7, track_conf=0.5
2026-08-14 21:10:00,528 [INFO] monitoring.performance_monitor: PerformanceMonitor reset
2026-08-14 21:10:05,797 [WARNING] screen_brightness_control.windows: exception parsing edid str for DISPLAY\AUO25ED\4&103e08ff&0&UID265988_0 - EDIDParseError: parsed EDID returned invalid display name
2026-08-14 21:10:27,538 [WARNING] screen_brightness_control.windows: exception parsing edid str for DISPLAY\AUO25ED\4&103e08ff&0&UID265988_0 - EDIDParseError: parsed EDID returned invalid display name
2026-08-14 21:10:27,748 [INFO] core.command_executor: Recognition PAUSED
2026-08-14 21:11:16,599 [INFO] core.video_capture: Camera released
2026-08-14 21:11:16,616 [INFO] core.hand_detector: HandDetector closed
2026-08-14 21:11:41,088 [INFO] core.video_capture: VideoCapture configured: camera=0, resolution=1280x720, fps=30
2026-08-14 21:11:42,712 [INFO] core.video_capture: Camera opened: 1280x720 @ 30fps
2026-08-14 21:11:42,721 [INFO] core.hand_detector: HandDetector initialized: max_hands=2, det_conf=0.7, track_conf=0.5
2026-08-14 21:11:42,721 [INFO] monitoring.performance_monitor: PerformanceMonitor reset
2026-08-14 21:11:49,701 [INFO] core.command_executor: Mouse tracking enabled
2026-08-14 21:11:50,196 [INFO] core.command_executor: Mouse tracking disabled
2026-08-14 21:11:51,796 [INFO] core.video_capture: Camera released
2026-08-14 21:11:51,796 [INFO] core.hand_detector: HandDetector closed
2026-08-14 21:13:11,055 [INFO] core.video_capture: VideoCapture configured: camera=0, resolution=1280x720, fps=30
2026-08-14 21:13:12,718 [INFO] core.video_capture: Camera opened: 1280x720 @ 30fps
2026-08-14 21:13:12,727 [INFO] core.hand_detector: HandDetector initialized: max_hands=2, det_conf=0.7, track_conf=0.5
2026-08-14 21:13:12,727 [INFO] monitoring.performance_monitor: PerformanceMonitor reset
2026-08-14 21:13:15,689 [INFO] core.video_capture: Camera released
2026-08-14 21:13:15,704 [INFO] core.hand_detector: HandDetector closed
2026-08-14 21:13:16,793 [INFO] database.db_manager: Database connection closed successfully.
2026-08-14 21:13:16,891 [INFO] __main__: Application shutdown
2026-08-14 21:27:28,344 [INFO] __main__: Starting Gesture AI — Hand Gesture Control System v1.0.0
2026-08-14 21:27:28,465 [INFO] database.db_manager: Database tables verified/created successfully.
2026-08-14 21:27:28,466 [INFO] database.db_manager: Database connection established successfully at F:\Gesture AI\gesture_ai.db
2026-08-14 21:27:28,466 [INFO] auth.auth_manager: AuthManager initialized
2026-08-14 21:27:28,511 [INFO] core.command_executor: Volume control initialized (pycaw)
2026-08-14 21:27:28,511 [INFO] core.command_executor: CommandExecutor initialized: pyautogui=True, volume=True, brightness=True, screen=1920x1080
2026-08-14 21:27:28,961 [INFO] __main__: GestureAIApp initialized
2026-08-14 21:27:37,857 [INFO] auth.auth_manager: User logged in: rudra
2026-08-14 21:27:38,410 [INFO] core.gesture_recognizer: GestureRecognizer initialized (user_id=1, ml_model=none)
2026-08-14 21:27:38,410 [INFO] training.gesture_trainer: GestureTrainer initialized for user 1
2026-08-14 21:27:38,410 [INFO] monitoring.performance_monitor: PerformanceMonitor initialized
2026-08-14 21:27:44,643 [INFO] core.video_capture: VideoCapture configured: camera=0, resolution=1280x720, fps=30
2026-08-14 21:27:46,546 [INFO] core.video_capture: Camera opened: 1280x720 @ 30fps
2026-08-14 21:27:46,566 [INFO] core.hand_detector: HandDetector initialized: max_hands=2, det_conf=0.7, track_conf=0.5
2026-08-14 21:27:46,567 [INFO] monitoring.performance_monitor: PerformanceMonitor reset
2026-08-14 21:27:46,743 [INFO] core.command_executor: Recognition PAUSED
2026-08-14 21:30:01,573 [INFO] core.video_capture: Camera released
2026-08-14 21:30:01,577 [INFO] core.hand_detector: HandDetector closed
2026-08-14 21:30:01,597 [INFO] database.db_manager: Database connection closed successfully.
2026-08-14 21:30:01,736 [INFO] __main__: Application shutdown
2026-08-14 21:30:08,386 [INFO] __main__: Starting Gesture AI — Hand Gesture Control System v1.0.0
2026-08-14 21:30:08,494 [INFO] database.db_manager: Database tables verified/created successfully.
2026-08-14 21:30:08,494 [INFO] database.db_manager: Database connection established successfully at F:\Gesture AI\gesture_ai.db
2026-08-14 21:30:08,494 [INFO] auth.auth_manager: AuthManager initialized
2026-08-14 21:30:08,525 [INFO] core.command_executor: Volume control initialized (pycaw)
2026-08-14 21:30:08,525 [INFO] core.command_executor: CommandExecutor initialized: pyautogui=True, volume=True, brightness=True, screen=1920x1080
2026-08-14 21:30:08,906 [INFO] __main__: GestureAIApp initialized
2026-08-14 21:30:16,848 [INFO] auth.auth_manager: User logged in: rudra
2026-08-14 21:30:17,369 [INFO] core.gesture_recognizer: GestureRecognizer initialized (user_id=1, ml_model=none)
2026-08-14 21:30:17,369 [INFO] training.gesture_trainer: GestureTrainer initialized for user 1
2026-08-14 21:30:17,369 [INFO] monitoring.performance_monitor: PerformanceMonitor initialized
2026-08-14 21:30:19,235 [INFO] core.video_capture: VideoCapture configured: camera=0, resolution=1280x720, fps=30
2026-08-14 21:30:21,084 [INFO] core.video_capture: Camera opened: 1280x720 @ 30fps
2026-08-14 21:30:21,104 [INFO] core.hand_detector: HandDetector initialized: max_hands=2, det_conf=0.7, track_conf=0.5
2026-08-14 21:30:21,105 [INFO] monitoring.performance_monitor: PerformanceMonitor reset
2026-08-14 21:30:22,697 [INFO] core.command_executor: Recognition PAUSED
2026-08-14 21:30:24,068 [INFO] core.command_executor: Recognition RESUMED
2026-08-14 21:30:24,717 [INFO] core.command_executor: Recognition PAUSED
2026-08-14 21:30:27,311 [INFO] core.command_executor: Recognition RESUMED
2026-08-14 21:30:27,737 [WARNING] screen_brightness_control.windows: exception parsing edid str for DISPLAY\AUO25ED\4&103e08ff&0&UID265988_0 - EDIDParseError: parsed EDID returned invalid display name
2026-08-14 21:30:27,935 [INFO] core.command_executor: Recognition PAUSED
2026-08-14 21:30:28,274 [INFO] core.command_executor: Recognition RESUMED
2026-08-14 21:30:28,575 [INFO] core.command_executor: Recognition PAUSED
2026-08-14 21:30:28,881 [INFO] core.command_executor: Recognition RESUMED
2026-08-14 21:30:29,207 [INFO] core.command_executor: Recognition PAUSED
2026-08-14 21:30:29,535 [INFO] core.command_executor: Recognition RESUMED
2026-08-14 21:30:29,874 [INFO] core.command_executor: Recognition PAUSED
2026-08-14 21:30:31,127 [INFO] core.command_executor: Recognition RESUMED
2026-08-14 21:30:31,174 [INFO] core.command_executor: Recognition PAUSED
2026-08-14 21:30:31,292 [INFO] core.command_executor: Recognition RESUMED
2026-08-14 21:30:31,369 [INFO] core.command_executor: Recognition PAUSED
2026-08-14 21:30:31,409 [INFO] core.command_executor: Recognition RESUMED
2026-08-14 21:30:31,460 [INFO] core.command_executor: Recognition PAUSED
2026-08-14 21:30:31,807 [INFO] core.command_executor: Recognition RESUMED
2026-08-14 21:30:32,294 [WARNING] screen_brightness_control.windows: exception parsing edid str for DISPLAY\AUO25ED\4&103e08ff&0&UID265988_0 - EDIDParseError: parsed EDID returned invalid display name
2026-08-14 21:30:33,851 [WARNING] screen_brightness_control.windows: exception parsing edid str for DISPLAY\AUO25ED\4&103e08ff&0&UID265988_0 - EDIDParseError: parsed EDID returned invalid display name
2026-08-14 21:30:35,646 [WARNING] screen_brightness_control.windows: exception parsing edid str for DISPLAY\AUO25ED\4&103e08ff&0&UID265988_0 - EDIDParseError: parsed EDID returned invalid display name
2026-08-14 21:30:43,320 [WARNING] screen_brightness_control.windows: exception parsing edid str for DISPLAY\AUO25ED\4&103e08ff&0&UID265988_0 - EDIDParseError: parsed EDID returned invalid display name
2026-08-14 21:30:45,681 [WARNING] screen_brightness_control.windows: exception parsing edid str for DISPLAY\AUO25ED\4&103e08ff&0&UID265988_0 - EDIDParseError: parsed EDID returned invalid display name
2026-08-14 21:30:54,137 [WARNING] screen_brightness_control.windows: exception parsing edid str for DISPLAY\AUO25ED\4&103e08ff&0&UID265988_0 - EDIDParseError: parsed EDID returned invalid display name
2026-08-14 21:30:55,304 [WARNING] screen_brightness_control.windows: exception parsing edid str for DISPLAY\AUO25ED\4&103e08ff&0&UID265988_0 - EDIDParseError: parsed EDID returned invalid display name
2026-08-14 21:30:55,660 [INFO] core.command_executor: Recognition PAUSED
2026-08-14 21:30:57,291 [INFO] core.command_executor: Recognition RESUMED
2026-08-14 21:30:58,378 [INFO] core.command_executor: Recognition PAUSED
2026-08-14 21:30:58,837 [INFO] core.command_executor: Recognition RESUMED
2026-08-14 21:30:59,126 [INFO] core.command_executor: Recognition PAUSED
2026-08-14 21:30:59,309 [INFO] core.command_executor: Recognition RESUMED
2026-08-14 21:30:59,499 [INFO] core.command_executor: Recognition PAUSED
2026-08-14 21:30:59,786 [INFO] core.command_executor: Recognition RESUMED
2026-08-14 21:30:59,886 [INFO] core.command_executor: Recognition PAUSED
2026-08-14 21:31:00,104 [INFO] core.command_executor: Recognition RESUMED
2026-08-14 21:31:00,311 [INFO] core.command_executor: Recognition PAUSED
2026-08-14 21:31:00,404 [INFO] core.command_executor: Recognition RESUMED
2026-08-14 21:31:01,318 [INFO] core.command_executor: Recognition PAUSED
2026-08-14 21:31:01,717 [INFO] core.command_executor: Recognition RESUMED
2026-08-14 21:31:01,930 [INFO] core.command_executor: Recognition PAUSED
2026-08-14 21:31:02,017 [INFO] core.command_executor: Recognition RESUMED
2026-08-14 21:31:02,372 [INFO] core.command_executor: Recognition PAUSED
2026-08-14 21:31:02,461 [INFO] core.command_executor: Recognition RESUMED
2026-08-14 21:31:03,588 [INFO] core.command_executor: Recognition PAUSED
2026-08-14 21:31:03,775 [INFO] core.command_executor: Recognition RESUMED
2026-08-14 21:31:04,238 [WARNING] screen_brightness_control.windows: exception parsing edid str for DISPLAY\AUO25ED\4&103e08ff&0&UID265988_0 - EDIDParseError: parsed EDID returned invalid display name
2026-08-14 21:31:05,813 [WARNING] screen_brightness_control.windows: exception parsing edid str for DISPLAY\AUO25ED\4&103e08ff&0&UID265988_0 - EDIDParseError: parsed EDID returned invalid display name
2026-08-14 21:31:13,053 [WARNING] screen_brightness_control.windows: exception parsing edid str for DISPLAY\AUO25ED\4&103e08ff&0&UID265988_0 - EDIDParseError: parsed EDID returned invalid display name
2026-08-14 21:31:13,255 [INFO] core.command_executor: Recognition PAUSED
2026-08-14 21:31:19,409 [INFO] core.command_executor: Recognition RESUMED
2026-08-14 21:31:19,672 [INFO] core.command_executor: Recognition PAUSED
2026-08-14 21:31:19,980 [INFO] core.command_executor: Recognition RESUMED
2026-08-14 21:31:20,820 [WARNING] screen_brightness_control.windows: exception parsing edid str for DISPLAY\AUO25ED\4&103e08ff&0&UID265988_0 - EDIDParseError: parsed EDID returned invalid display name
2026-08-14 21:31:24,546 [WARNING] screen_brightness_control.windows: exception parsing edid str for DISPLAY\AUO25ED\4&103e08ff&0&UID265988_0 - EDIDParseError: parsed EDID returned invalid display name
2026-08-14 21:31:27,263 [WARNING] screen_brightness_control.windows: exception parsing edid str for DISPLAY\AUO25ED\4&103e08ff&0&UID265988_0 - EDIDParseError: parsed EDID returned invalid display name
2026-08-14 21:31:32,241 [WARNING] screen_brightness_control.windows: exception parsing edid str for DISPLAY\AUO25ED\4&103e08ff&0&UID265988_0 - EDIDParseError: parsed EDID returned invalid display name
2026-08-14 21:31:33,300 [INFO] core.command_executor: Recognition PAUSED
2026-08-14 21:31:48,562 [INFO] core.command_executor: Recognition RESUMED
2026-08-14 21:31:48,664 [INFO] core.command_executor: Recognition PAUSED
2026-08-14 21:31:48,708 [INFO] core.command_executor: Recognition RESUMED
2026-08-14 21:31:48,754 [INFO] core.command_executor: Recognition PAUSED
2026-08-14 21:31:48,788 [INFO] core.command_executor: Recognition RESUMED
2026-08-14 21:31:48,821 [INFO] core.command_executor: Recognition PAUSED
2026-08-14 21:31:48,920 [INFO] core.command_executor: Recognition RESUMED
2026-08-14 21:31:49,005 [INFO] core.command_executor: Recognition PAUSED
2026-08-14 21:31:49,040 [INFO] core.command_executor: Recognition RESUMED
2026-08-14 21:31:49,088 [INFO] core.command_executor: Recognition PAUSED
2026-08-14 21:31:50,210 [INFO] core.command_executor: Recognition RESUMED
2026-08-14 21:31:50,672 [WARNING] screen_brightness_control.windows: exception parsing edid str for DISPLAY\AUO25ED\4&103e08ff&0&UID265988_0 - EDIDParseError: parsed EDID returned invalid display name
2026-08-14 21:31:50,815 [INFO] core.command_executor: Recognition PAUSED
2026-08-14 21:31:50,996 [INFO] core.command_executor: Recognition RESUMED
2026-08-14 21:31:51,162 [INFO] core.command_executor: Recognition PAUSED
2026-08-14 21:31:52,843 [INFO] core.command_executor: Recognition RESUMED
2026-08-14 21:31:53,250 [WARNING] screen_brightness_control.windows: exception parsing edid str for DISPLAY\AUO25ED\4&103e08ff&0&UID265988_0 - EDIDParseError: parsed EDID returned invalid display name
2026-08-14 21:31:53,441 [INFO] core.command_executor: Recognition PAUSED
2026-08-14 21:31:54,514 [INFO] core.command_executor: Recognition RESUMED
2026-08-14 21:31:54,644 [INFO] core.command_executor: Recognition PAUSED
2026-08-14 21:31:55,003 [INFO] core.command_executor: Recognition RESUMED
2026-08-14 21:32:03,114 [INFO] core.command_executor: Recognition PAUSED
2026-08-14 21:32:05,902 [INFO] core.command_executor: Recognition RESUMED
2026-08-14 21:32:07,544 [WARNING] screen_brightness_control.windows: exception parsing edid str for DISPLAY\AUO25ED\4&103e08ff&0&UID265988_0 - EDIDParseError: parsed EDID returned invalid display name
2026-08-14 21:32:07,820 [INFO] core.command_executor: Recognition PAUSED
2026-08-14 21:32:08,021 [INFO] core.command_executor: Recognition RESUMED
2026-08-14 21:32:08,190 [INFO] core.command_executor: Recognition PAUSED
2026-08-14 21:32:15,122 [INFO] core.command_executor: Recognition RESUMED
2026-08-14 21:32:20,946 [INFO] core.command_executor: Recognition PAUSED
2026-08-14 21:32:24,990 [INFO] core.command_executor: Recognition RESUMED
2026-08-14 21:32:25,278 [WARNING] screen_brightness_control.windows: exception parsing edid str for DISPLAY\AUO25ED\4&103e08ff&0&UID265988_0 - EDIDParseError: parsed EDID returned invalid display name
2026-08-14 21:32:25,485 [INFO] core.command_executor: Recognition PAUSED
2026-08-14 21:32:26,749 [INFO] core.command_executor: Recognition RESUMED
2026-08-14 21:32:27,004 [WARNING] screen_brightness_control.windows: exception parsing edid str for DISPLAY\AUO25ED\4&103e08ff&0&UID265988_0 - EDIDParseError: parsed EDID returned invalid display name
2026-08-14 21:32:27,179 [INFO] core.command_executor: Recognition PAUSED
2026-08-14 21:32:27,356 [INFO] core.command_executor: Recognition RESUMED
2026-08-14 21:32:28,203 [INFO] core.command_executor: Recognition PAUSED
2026-08-14 21:32:28,309 [INFO] core.command_executor: Recognition RESUMED
2026-08-14 21:32:28,613 [INFO] core.command_executor: Recognition PAUSED
2026-08-14 21:32:35,662 [INFO] core.command_executor: Recognition RESUMED
2026-08-14 21:32:35,799 [INFO] core.command_executor: Recognition PAUSED
2026-08-14 21:32:36,101 [INFO] core.command_executor: Recognition RESUMED
2026-08-14 21:32:36,405 [INFO] core.command_executor: Recognition PAUSED
2026-08-14 21:32:36,733 [INFO] core.command_executor: Recognition RESUMED
2026-08-14 21:32:37,039 [INFO] core.command_executor: Recognition PAUSED
2026-08-14 21:32:37,391 [INFO] core.command_executor: Recognition RESUMED
2026-08-14 21:32:37,909 [INFO] core.command_executor: Recognition PAUSED
2026-08-14 21:32:38,283 [INFO] core.command_executor: Recognition RESUMED
2026-08-14 21:32:38,640 [INFO] core.command_executor: Recognition PAUSED
2026-08-14 21:32:38,763 [INFO] core.command_executor: Recognition RESUMED
2026-08-14 21:32:39,063 [INFO] core.command_executor: Recognition PAUSED
2026-08-14 21:32:39,427 [INFO] core.command_executor: Recognition RESUMED
2026-08-14 21:32:39,549 [INFO] core.command_executor: Recognition PAUSED
2026-08-14 21:32:39,880 [INFO] core.command_executor: Recognition RESUMED
2026-08-14 21:32:40,083 [INFO] core.command_executor: Recognition PAUSED
2026-08-14 21:32:40,205 [INFO] core.command_executor: Recognition RESUMED
2026-08-14 21:32:40,535 [INFO] core.command_executor: Recognition PAUSED
2026-08-14 21:32:40,704 [INFO] core.command_executor: Recognition RESUMED
2026-08-14 21:32:41,032 [INFO] core.command_executor: Recognition PAUSED
2026-08-14 21:32:41,359 [INFO] core.command_executor: Recognition RESUMED
2026-08-14 21:32:41,684 [INFO] core.command_executor: Recognition PAUSED
2026-08-14 21:32:42,001 [INFO] core.command_executor: Recognition RESUMED
2026-08-14 21:32:42,180 [INFO] core.command_executor: Recognition PAUSED
2026-08-14 21:32:42,316 [INFO] core.command_executor: Recognition RESUMED
2026-08-14 21:32:42,441 [INFO] core.command_executor: Recognition PAUSED
2026-08-14 21:32:42,745 [INFO] core.command_executor: Recognition RESUMED
2026-08-14 21:32:43,010 [INFO] core.command_executor: Recognition PAUSED
2026-08-14 21:32:43,578 [INFO] core.command_executor: Recognition RESUMED
2026-08-14 21:32:47,972 [INFO] core.command_executor: Recognition PAUSED
2026-08-14 21:32:49,040 [INFO] core.command_executor: Recognition RESUMED
2026-08-14 21:32:50,268 [WARNING] screen_brightness_control.windows: exception parsing edid str for DISPLAY\AUO25ED\4&103e08ff&0&UID265988_0 - EDIDParseError: parsed EDID returned invalid display name
2026-08-14 21:32:52,113 [INFO] core.command_executor: Recognition PAUSED
2026-08-14 21:32:52,436 [INFO] core.command_executor: Recognition RESUMED
2026-08-14 21:32:55,024 [INFO] core.command_executor: Recognition PAUSED
2026-08-14 21:32:55,199 [INFO] core.command_executor: Recognition RESUMED
2026-08-14 21:32:55,525 [INFO] core.command_executor: Recognition PAUSED
2026-08-14 21:32:56,070 [INFO] core.command_executor: Recognition RESUMED
2026-08-14 21:32:56,394 [INFO] core.command_executor: Recognition PAUSED
2026-08-14 21:32:56,459 [INFO] core.command_executor: Recognition RESUMED
2026-08-14 21:32:56,549 [INFO] core.command_executor: Recognition PAUSED
2026-08-14 21:32:56,603 [INFO] core.command_executor: Recognition RESUMED
2026-08-14 21:32:56,653 [INFO] core.command_executor: Recognition PAUSED
2026-08-14 21:32:56,779 [INFO] core.command_executor: Recognition RESUMED
2026-08-14 21:32:56,841 [INFO] core.command_executor: Recognition PAUSED
2026-08-14 21:32:57,003 [INFO] core.command_executor: Recognition RESUMED
2026-08-14 21:32:57,064 [INFO] core.command_executor: Recognition PAUSED
2026-08-14 21:32:58,759 [INFO] core.command_executor: Recognition RESUMED
2026-08-14 21:32:59,240 [WARNING] screen_brightness_control.windows: exception parsing edid str for DISPLAY\AUO25ED\4&103e08ff&0&UID265988_0 - EDIDParseError: parsed EDID returned invalid display name
2026-08-14 21:33:00,887 [INFO] core.command_executor: Recognition PAUSED
2026-08-14 21:33:01,340 [INFO] core.command_executor: Recognition RESUMED
2026-08-14 21:33:01,659 [INFO] core.command_executor: Recognition PAUSED
2026-08-14 21:33:01,795 [INFO] core.command_executor: Recognition RESUMED
2026-08-14 21:33:02,047 [INFO] core.command_executor: Recognition PAUSED
2026-08-14 21:33:02,547 [INFO] core.command_executor: Recognition RESUMED
2026-08-14 21:33:02,811 [INFO] core.command_executor: Recognition PAUSED
2026-08-14 21:33:03,135 [INFO] core.command_executor: Recognition RESUMED
2026-08-14 21:33:05,085 [INFO] core.command_executor: Recognition PAUSED
2026-08-14 21:33:05,140 [INFO] core.command_executor: Recognition RESUMED
2026-08-14 21:33:11,062 [WARNING] screen_brightness_control.windows: exception parsing edid str for DISPLAY\AUO25ED\4&103e08ff&0&UID265988_0 - EDIDParseError: parsed EDID returned invalid display name
2026-08-14 21:33:14,773 [INFO] core.command_executor: Recognition PAUSED
2026-08-14 21:33:15,205 [INFO] core.command_executor: Recognition RESUMED
2026-08-14 21:33:15,602 [INFO] core.command_executor: Recognition PAUSED
2026-08-14 21:33:15,774 [INFO] core.command_executor: Recognition RESUMED
2026-08-14 21:33:17,089 [INFO] core.command_executor: Recognition PAUSED
2026-08-14 21:33:17,242 [INFO] core.command_executor: Recognition RESUMED
2026-08-14 21:33:19,292 [WARNING] screen_brightness_control.windows: exception parsing edid str for DISPLAY\AUO25ED\4&103e08ff&0&UID265988_0 - EDIDParseError: parsed EDID returned invalid display name
2026-08-14 21:33:21,883 [WARNING] screen_brightness_control.windows: exception parsing edid str for DISPLAY\AUO25ED\4&103e08ff&0&UID265988_0 - EDIDParseError: parsed EDID returned invalid display name
2026-08-14 21:33:23,823 [WARNING] screen_brightness_control.windows: exception parsing edid str for DISPLAY\AUO25ED\4&103e08ff&0&UID265988_0 - EDIDParseError: parsed EDID returned invalid display name
2026-08-14 21:33:27,043 [INFO] core.command_executor: Recognition PAUSED
2026-08-14 21:33:27,188 [INFO] core.command_executor: Recognition RESUMED
2026-08-14 21:33:27,553 [INFO] core.command_executor: Recognition PAUSED
2026-08-14 21:33:27,926 [INFO] core.command_executor: Recognition RESUMED
2026-08-14 21:33:28,537 [INFO] core.command_executor: Recognition PAUSED
2026-08-14 21:33:30,272 [INFO] core.command_executor: Recognition RESUMED
2026-08-14 21:33:37,836 [INFO] core.command_executor: Recognition PAUSED
2026-08-14 21:33:37,954 [INFO] core.command_executor: Recognition RESUMED
2026-08-14 21:33:38,286 [INFO] core.command_executor: Recognition PAUSED
2026-08-14 21:33:54,650 [INFO] core.command_executor: Recognition RESUMED
2026-08-14 21:33:54,987 [INFO] core.command_executor: Recognition PAUSED
2026-08-14 21:33:56,598 [INFO] core.command_executor: Recognition RESUMED
2026-08-14 21:33:56,925 [INFO] core.command_executor: Recognition PAUSED
2026-08-14 21:34:02,562 [INFO] core.command_executor: Recognition RESUMED
2026-08-14 21:34:02,605 [INFO] core.command_executor: Recognition PAUSED
2026-08-14 21:34:02,748 [INFO] core.command_executor: Recognition RESUMED
2026-08-14 21:34:03,067 [INFO] core.command_executor: Recognition PAUSED
2026-08-14 21:34:04,017 [INFO] core.command_executor: Recognition RESUMED
2026-08-14 21:34:04,209 [INFO] core.command_executor: Recognition PAUSED
2026-08-14 21:34:07,419 [INFO] core.command_executor: Recognition RESUMED
2026-08-14 21:34:10,035 [INFO] core.command_executor: Recognition PAUSED
2026-08-14 21:34:24,081 [INFO] core.command_executor: Recognition RESUMED
2026-08-14 21:34:24,483 [INFO] core.command_executor: Recognition PAUSED
2026-08-14 21:34:24,815 [INFO] core.command_executor: Recognition RESUMED
2026-08-14 21:34:24,942 [INFO] core.command_executor: Recognition PAUSED
2026-08-14 21:34:25,946 [INFO] core.command_executor: Recognition RESUMED
2026-08-14 21:34:26,395 [INFO] core.command_executor: Recognition PAUSED
2026-08-14 21:34:26,695 [INFO] core.command_executor: Recognition RESUMED
2026-08-14 21:34:26,881 [INFO] core.command_executor: Recognition PAUSED
2026-08-14 21:34:27,372 [INFO] core.command_executor: Recognition RESUMED
2026-08-14 21:34:27,790 [INFO] core.command_executor: Recognition PAUSED
2026-08-14 21:34:27,950 [INFO] core.command_executor: Recognition RESUMED
2026-08-14 21:34:29,651 [INFO] core.command_executor: Recognition PAUSED
2026-08-14 21:34:29,695 [INFO] core.command_executor: Recognition RESUMED
2026-08-14 21:34:29,912 [WARNING] screen_brightness_control.windows: exception parsing edid str for DISPLAY\AUO25ED\4&103e08ff&0&UID265988_0 - EDIDParseError: parsed EDID returned invalid display name
2026-08-14 21:34:32,026 [INFO] core.command_executor: Recognition PAUSED
2026-08-14 21:34:32,361 [INFO] core.command_executor: Recognition RESUMED
2026-08-14 21:34:32,506 [INFO] core.command_executor: Recognition PAUSED
2026-08-14 21:34:32,758 [INFO] core.command_executor: Recognition RESUMED
2026-08-14 21:34:33,040 [INFO] core.command_executor: Recognition PAUSED
2026-08-14 21:34:33,302 [INFO] core.command_executor: Recognition RESUMED
2026-08-14 21:34:33,562 [INFO] core.command_executor: Recognition PAUSED
2026-08-14 21:34:33,832 [INFO] core.command_executor: Recognition RESUMED
2026-08-14 21:34:34,111 [INFO] core.command_executor: Recognition PAUSED
2026-08-14 21:34:34,376 [INFO] core.command_executor: Recognition RESUMED
2026-08-14 21:34:34,637 [INFO] core.command_executor: Recognition PAUSED
2026-08-14 21:34:34,903 [INFO] core.command_executor: Recognition RESUMED
2026-08-14 21:34:35,239 [INFO] core.command_executor: Recognition PAUSED
2026-08-14 21:34:35,527 [INFO] core.command_executor: Recognition RESUMED
2026-08-14 21:34:35,587 [INFO] core.command_executor: Recognition PAUSED
2026-08-14 21:34:35,640 [INFO] core.command_executor: Recognition RESUMED
2026-08-14 21:34:35,775 [INFO] core.command_executor: Recognition PAUSED
2026-08-14 21:34:36,110 [INFO] core.command_executor: Recognition RESUMED
2026-08-14 21:34:36,271 [INFO] core.command_executor: Recognition PAUSED
2026-08-14 21:34:36,586 [INFO] core.command_executor: Recognition RESUMED
2026-08-14 21:34:36,909 [INFO] core.command_executor: Recognition PAUSED
2026-08-14 21:34:37,135 [INFO] core.command_executor: Recognition RESUMED
2026-08-14 21:34:37,198 [INFO] core.command_executor: Recognition PAUSED
2026-08-14 21:34:37,249 [INFO] core.command_executor: Recognition RESUMED
2026-08-14 21:34:37,390 [INFO] core.command_executor: Recognition PAUSED
2026-08-14 21:34:38,350 [INFO] core.command_executor: Recognition RESUMED
2026-08-14 21:34:38,436 [INFO] core.command_executor: Recognition PAUSED
2026-08-14 21:34:38,494 [INFO] core.command_executor: Recognition RESUMED
2026-08-14 21:34:38,559 [INFO] core.command_executor: Recognition PAUSED
2026-08-14 21:34:38,827 [INFO] core.command_executor: Recognition RESUMED
2026-08-14 21:34:39,127 [INFO] core.command_executor: Recognition PAUSED
2026-08-14 21:34:39,196 [INFO] core.command_executor: Recognition RESUMED
2026-08-14 21:34:39,256 [INFO] core.command_executor: Recognition PAUSED
2026-08-14 21:34:39,387 [INFO] core.command_executor: Recognition RESUMED
2026-08-14 21:34:39,448 [INFO] core.command_executor: Recognition PAUSED
2026-08-14 21:34:39,529 [INFO] core.command_executor: Recognition RESUMED
2026-08-14 21:34:39,666 [INFO] core.command_executor: Recognition PAUSED
2026-08-14 21:34:39,989 [INFO] core.command_executor: Recognition RESUMED
2026-08-14 21:34:40,257 [INFO] core.command_executor: Recognition PAUSED
2026-08-14 21:34:41,256 [INFO] core.command_executor: Recognition RESUMED
2026-08-14 21:34:41,536 [INFO] core.command_executor: Recognition PAUSED
2026-08-14 21:34:41,735 [INFO] core.command_executor: Recognition RESUMED
2026-08-14 21:34:41,985 [WARNING] screen_brightness_control.windows: exception parsing edid str for DISPLAY\AUO25ED\4&103e08ff&0&UID265988_0 - EDIDParseError: parsed EDID returned invalid display name
2026-08-14 21:34:42,151 [INFO] core.command_executor: Recognition PAUSED
2026-08-14 21:34:42,219 [INFO] core.command_executor: Recognition RESUMED
2026-08-14 21:34:42,281 [INFO] core.command_executor: Recognition PAUSED
2026-08-14 21:34:42,404 [INFO] core.command_executor: Recognition RESUMED
2026-08-14 21:34:42,758 [INFO] core.command_executor: Recognition PAUSED
2026-08-14 21:34:42,805 [INFO] core.command_executor: Recognition RESUMED
2026-08-14 21:34:43,155 [WARNING] screen_brightness_control.windows: exception parsing edid str for DISPLAY\AUO25ED\4&103e08ff&0&UID265988_0 - EDIDParseError: parsed EDID returned invalid display name
2026-08-14 21:34:44,435 [WARNING] screen_brightness_control.windows: exception parsing edid str for DISPLAY\AUO25ED\4&103e08ff&0&UID265988_0 - EDIDParseError: parsed EDID returned invalid display name
2026-08-14 21:34:47,585 [WARNING] screen_brightness_control.windows: exception parsing edid str for DISPLAY\AUO25ED\4&103e08ff&0&UID265988_0 - EDIDParseError: parsed EDID returned invalid display name
2026-08-14 21:34:50,851 [INFO] core.command_executor: Recognition PAUSED
2026-08-14 21:34:54,551 [INFO] core.command_executor: Recognition RESUMED
2026-08-14 21:34:54,784 [INFO] core.command_executor: Recognition PAUSED
2026-08-14 21:34:55,126 [INFO] core.command_executor: Recognition RESUMED
2026-08-14 21:34:57,422 [INFO] core.command_executor: Recognition PAUSED
2026-08-14 21:34:57,689 [INFO] core.command_executor: Recognition RESUMED
2026-08-14 21:35:06,920 [WARNING] screen_brightness_control.windows: exception parsing edid str for DISPLAY\AUO25ED\4&103e08ff&0&UID265988_0 - EDIDParseError: parsed EDID returned invalid display name
2026-08-14 21:35:07,239 [INFO] core.command_executor: Recognition PAUSED
2026-08-14 21:35:07,474 [INFO] core.command_executor: Recognition RESUMED
2026-08-14 21:35:07,796 [INFO] core.command_executor: Recognition PAUSED
2026-08-14 21:35:08,120 [INFO] core.command_executor: Recognition RESUMED
2026-08-14 21:35:08,460 [INFO] core.command_executor: Recognition PAUSED
2026-08-14 21:35:08,784 [INFO] core.command_executor: Recognition RESUMED
2026-08-14 21:35:09,778 [WARNING] screen_brightness_control.windows: exception parsing edid str for DISPLAY\AUO25ED\4&103e08ff&0&UID265988_0 - EDIDParseError: parsed EDID returned invalid display name
2026-08-14 21:35:09,991 [INFO] core.command_executor: Recognition PAUSED
2026-08-14 21:35:11,042 [INFO] core.command_executor: Recognition RESUMED
2026-08-14 21:35:11,364 [WARNING] screen_brightness_control.windows: exception parsing edid str for DISPLAY\AUO25ED\4&103e08ff&0&UID265988_0 - EDIDParseError: parsed EDID returned invalid display name
2026-08-14 21:35:11,552 [INFO] core.command_executor: Recognition PAUSED
2026-08-14 21:35:11,979 [INFO] core.command_executor: Recognition RESUMED
2026-08-14 21:35:12,289 [INFO] core.command_executor: Recognition PAUSED
2026-08-14 21:35:13,391 [INFO] core.command_executor: Recognition RESUMED
2026-08-14 21:35:13,904 [INFO] core.command_executor: Recognition PAUSED
2026-08-14 21:35:24,803 [INFO] core.command_executor: Recognition RESUMED
2026-08-14 21:35:26,414 [WARNING] screen_brightness_control.windows: exception parsing edid str for DISPLAY\AUO25ED\4&103e08ff&0&UID265988_0 - EDIDParseError: parsed EDID returned invalid display name
2026-08-14 21:35:26,625 [INFO] core.command_executor: Recognition PAUSED
2026-08-14 21:35:26,878 [INFO] core.command_executor: Recognition RESUMED
2026-08-14 21:35:27,151 [INFO] core.command_executor: Recognition PAUSED
2026-08-14 21:35:28,817 [INFO] core.command_executor: Recognition RESUMED
2026-08-14 21:35:29,162 [INFO] core.command_executor: Recognition PAUSED
2026-08-14 21:35:30,356 [INFO] core.command_executor: Recognition RESUMED
2026-08-14 21:35:30,633 [INFO] core.command_executor: Recognition PAUSED
2026-08-14 21:35:34,432 [INFO] core.command_executor: Recognition RESUMED
2026-08-14 21:35:34,536 [INFO] core.command_executor: Recognition PAUSED
2026-08-14 21:35:34,591 [INFO] core.command_executor: Recognition RESUMED
2026-08-14 21:35:34,647 [INFO] core.command_executor: Recognition PAUSED
2026-08-14 21:35:35,234 [INFO] core.command_executor: Recognition RESUMED
2026-08-14 21:35:35,367 [INFO] core.command_executor: Recognition PAUSED
2026-08-14 21:35:35,676 [INFO] core.command_executor: Recognition RESUMED
2026-08-14 21:35:36,376 [WARNING] screen_brightness_control.windows: exception parsing edid str for DISPLAY\AUO25ED\4&103e08ff&0&UID265988_0 - EDIDParseError: parsed EDID returned invalid display name
2026-08-14 21:35:36,665 [INFO] core.command_executor: Recognition PAUSED
2026-08-14 21:35:36,742 [INFO] core.command_executor: Recognition RESUMED
2026-08-14 21:35:36,992 [INFO] core.command_executor: Recognition PAUSED
2026-08-14 21:35:37,210 [INFO] core.command_executor: Recognition RESUMED
2026-08-14 21:35:37,541 [WARNING] screen_brightness_control.windows: exception parsing edid str for DISPLAY\AUO25ED\4&103e08ff&0&UID265988_0 - EDIDParseError: parsed EDID returned invalid display name
2026-08-14 21:35:37,696 [INFO] core.command_executor: Recognition PAUSED
2026-08-14 21:35:37,924 [INFO] core.command_executor: Recognition RESUMED
2026-08-14 21:35:38,253 [INFO] core.command_executor: Recognition PAUSED
2026-08-14 21:35:38,451 [INFO] core.command_executor: Recognition RESUMED
2026-08-14 21:35:38,879 [WARNING] screen_brightness_control.windows: exception parsing edid str for DISPLAY\AUO25ED\4&103e08ff&0&UID265988_0 - EDIDParseError: parsed EDID returned invalid display name
2026-08-14 21:35:39,048 [INFO] core.command_executor: Recognition PAUSED
2026-08-14 21:35:39,227 [INFO] core.command_executor: Recognition RESUMED
2026-08-14 21:35:39,672 [INFO] core.command_executor: Recognition PAUSED
2026-08-14 21:35:39,860 [INFO] core.command_executor: Recognition RESUMED
2026-08-14 21:35:40,186 [WARNING] screen_brightness_control.windows: exception parsing edid str for DISPLAY\AUO25ED\4&103e08ff&0&UID265988_0 - EDIDParseError: parsed EDID returned invalid display name
2026-08-14 21:35:40,345 [INFO] core.command_executor: Recognition PAUSED
2026-08-14 21:35:40,641 [INFO] core.command_executor: Recognition RESUMED
2026-08-14 21:35:40,699 [INFO] core.command_executor: Recognition PAUSED
2026-08-14 21:35:40,757 [INFO] core.command_executor: Recognition RESUMED
2026-08-14 21:35:40,855 [INFO] core.command_executor: Recognition PAUSED
2026-08-14 21:35:41,042 [INFO] core.command_executor: Recognition RESUMED
2026-08-14 21:35:41,213 [INFO] core.command_executor: Recognition PAUSED
2026-08-14 21:35:41,394 [INFO] core.command_executor: Recognition RESUMED
2026-08-14 21:35:41,623 [INFO] core.command_executor: Recognition PAUSED
2026-08-14 21:35:41,744 [INFO] core.command_executor: Recognition RESUMED
2026-08-14 21:35:41,944 [INFO] core.command_executor: Recognition PAUSED
2026-08-14 21:35:42,086 [INFO] core.command_executor: Recognition RESUMED
2026-08-14 21:35:42,306 [INFO] core.command_executor: Recognition PAUSED
2026-08-14 21:35:42,505 [INFO] core.command_executor: Recognition RESUMED
2026-08-14 21:35:43,087 [WARNING] screen_brightness_control.windows: exception parsing edid str for DISPLAY\AUO25ED\4&103e08ff&0&UID265988_0 - EDIDParseError: parsed EDID returned invalid display name
2026-08-14 21:35:43,360 [INFO] core.command_executor: Recognition PAUSED
2026-08-14 21:35:44,904 [INFO] core.command_executor: Recognition RESUMED
2026-08-14 21:35:45,093 [INFO] core.command_executor: Recognition PAUSED
2026-08-14 21:35:55,401 [INFO] core.command_executor: Recognition RESUMED
2026-08-14 21:35:55,719 [INFO] core.command_executor: Recognition PAUSED
2026-08-14 21:35:56,575 [INFO] core.command_executor: Recognition RESUMED
2026-08-14 21:35:56,816 [INFO] core.command_executor: Recognition PAUSED
2026-08-14 21:35:57,119 [INFO] core.command_executor: Recognition RESUMED
2026-08-14 21:35:57,210 [INFO] core.command_executor: Recognition PAUSED
2026-08-14 21:35:58,922 [INFO] core.command_executor: Recognition RESUMED
2026-08-14 21:35:59,251 [INFO] core.command_executor: Recognition PAUSED
2026-08-14 21:36:02,266 [INFO] core.command_executor: Recognition RESUMED
2026-08-14 21:36:02,493 [INFO] core.command_executor: Recognition PAUSED
2026-08-14 21:36:02,804 [INFO] core.command_executor: Recognition RESUMED
2026-08-14 21:36:03,115 [INFO] core.command_executor: Recognition PAUSED
2026-08-14 21:36:03,417 [INFO] core.command_executor: Recognition RESUMED
2026-08-14 21:36:03,729 [INFO] core.command_executor: Recognition PAUSED
2026-08-14 21:36:04,048 [INFO] core.command_executor: Recognition RESUMED
2026-08-14 21:36:04,378 [INFO] core.command_executor: Recognition PAUSED
2026-08-14 21:36:04,722 [INFO] core.command_executor: Recognition RESUMED
2026-08-14 21:36:05,770 [WARNING] screen_brightness_control.windows: exception parsing edid str for DISPLAY\AUO25ED\4&103e08ff&0&UID265988_0 - EDIDParseError: parsed EDID returned invalid display name
2026-08-14 21:36:06,919 [WARNING] screen_brightness_control.windows: exception parsing edid str for DISPLAY\AUO25ED\4&103e08ff&0&UID265988_0 - EDIDParseError: parsed EDID returned invalid display name
2026-08-14 21:36:08,256 [WARNING] screen_brightness_control.windows: exception parsing edid str for DISPLAY\AUO25ED\4&103e08ff&0&UID265988_0 - EDIDParseError: parsed EDID returned invalid display name
2026-08-14 21:36:09,451 [WARNING] screen_brightness_control.windows: exception parsing edid str for DISPLAY\AUO25ED\4&103e08ff&0&UID265988_0 - EDIDParseError: parsed EDID returned invalid display name
2026-08-14 21:36:10,770 [INFO] core.command_executor: Recognition PAUSED
2026-08-14 21:36:11,148 [INFO] core.command_executor: Recognition RESUMED
2026-08-14 21:36:11,225 [INFO] core.command_executor: Recognition PAUSED
2026-08-14 21:36:11,267 [INFO] core.command_executor: Recognition RESUMED
2026-08-14 21:36:11,427 [INFO] core.command_executor: Recognition PAUSED
2026-08-14 21:36:11,594 [INFO] core.command_executor: Recognition RESUMED
2026-08-14 21:36:11,770 [INFO] core.command_executor: Recognition PAUSED
2026-08-14 21:36:11,854 [INFO] core.command_executor: Recognition RESUMED
2026-08-14 21:36:11,897 [INFO] core.command_executor: Recognition PAUSED
2026-08-14 21:36:11,943 [INFO] core.command_executor: Recognition RESUMED
2026-08-14 21:36:12,249 [INFO] core.command_executor: Recognition PAUSED
2026-08-14 21:36:12,522 [INFO] core.command_executor: Recognition RESUMED
2026-08-14 21:36:12,600 [INFO] core.command_executor: Recognition PAUSED
2026-08-14 21:36:12,693 [INFO] core.command_executor: Recognition RESUMED
2026-08-14 21:36:12,736 [INFO] core.command_executor: Recognition PAUSED
2026-08-14 21:36:12,782 [INFO] core.command_executor: Recognition RESUMED
2026-08-14 21:36:12,827 [INFO] core.command_executor: Recognition PAUSED
2026-08-14 21:36:12,872 [INFO] core.command_executor: Recognition RESUMED
2026-08-14 21:36:12,919 [INFO] core.command_executor: Recognition PAUSED
2026-08-14 21:36:12,966 [INFO] core.command_executor: Recognition RESUMED
2026-08-14 21:36:13,135 [INFO] core.command_executor: Recognition PAUSED
2026-08-14 21:36:13,187 [INFO] core.command_executor: Recognition RESUMED
2026-08-14 21:36:13,233 [INFO] core.command_executor: Recognition PAUSED
2026-08-14 21:36:13,279 [INFO] core.command_executor: Recognition RESUMED
2026-08-14 21:36:13,324 [INFO] core.command_executor: Recognition PAUSED
2026-08-14 21:36:13,372 [INFO] core.command_executor: Recognition RESUMED
2026-08-14 21:36:13,423 [INFO] core.command_executor: Recognition PAUSED
2026-08-14 21:36:13,589 [INFO] core.command_executor: Recognition RESUMED
2026-08-14 21:36:16,413 [WARNING] screen_brightness_control.windows: exception parsing edid str for DISPLAY\AUO25ED\4&103e08ff&0&UID265988_0 - EDIDParseError: parsed EDID returned invalid display name
2026-08-14 21:36:24,242 [INFO] core.command_executor: Recognition PAUSED
2026-08-14 21:36:24,287 [INFO] core.command_executor: Recognition RESUMED
2026-08-14 21:36:24,345 [INFO] core.command_executor: Recognition PAUSED
2026-08-14 21:36:24,597 [INFO] core.command_executor: Recognition RESUMED
2026-08-14 21:36:27,196 [WARNING] screen_brightness_control.windows: exception parsing edid str for DISPLAY\AUO25ED\4&103e08ff&0&UID265988_0 - EDIDParseError: parsed EDID returned invalid display name
2026-08-14 21:36:27,944 [INFO] core.command_executor: Recognition PAUSED
2026-08-14 21:36:31,224 [INFO] core.command_executor: Recognition RESUMED
2026-08-14 21:36:31,920 [INFO] core.command_executor: Recognition PAUSED
2026-08-14 21:36:34,677 [INFO] core.command_executor: Recognition RESUMED
2026-08-14 21:36:34,735 [INFO] core.command_executor: Recognition PAUSED
2026-08-14 21:36:34,778 [INFO] core.command_executor: Recognition RESUMED
2026-08-14 21:36:34,904 [INFO] core.command_executor: Recognition PAUSED
2026-08-14 21:36:35,225 [INFO] core.command_executor: Recognition RESUMED
2026-08-14 21:36:36,690 [WARNING] screen_brightness_control.windows: exception parsing edid str for DISPLAY\AUO25ED\4&103e08ff&0&UID265988_0 - EDIDParseError: parsed EDID returned invalid display name
2026-08-14 21:36:38,138 [WARNING] screen_brightness_control.windows: exception parsing edid str for DISPLAY\AUO25ED\4&103e08ff&0&UID265988_0 - EDIDParseError: parsed EDID returned invalid display name
2026-08-14 21:36:39,623 [WARNING] screen_brightness_control.windows: exception parsing edid str for DISPLAY\AUO25ED\4&103e08ff&0&UID265988_0 - EDIDParseError: parsed EDID returned invalid display name
2026-08-14 21:36:42,610 [WARNING] screen_brightness_control.windows: exception parsing edid str for DISPLAY\AUO25ED\4&103e08ff&0&UID265988_0 - EDIDParseError: parsed EDID returned invalid display name
2026-08-14 21:36:44,834 [WARNING] screen_brightness_control.windows: exception parsing edid str for DISPLAY\AUO25ED\4&103e08ff&0&UID265988_0 - EDIDParseError: parsed EDID returned invalid display name
2026-08-14 21:36:55,651 [INFO] core.command_executor: Recognition PAUSED
2026-08-14 21:36:56,842 [INFO] core.command_executor: Recognition RESUMED
2026-08-14 21:36:57,186 [WARNING] screen_brightness_control.windows: exception parsing edid str for DISPLAY\AUO25ED\4&103e08ff&0&UID265988_0 - EDIDParseError: parsed EDID returned invalid display name
2026-08-14 21:36:57,363 [INFO] core.command_executor: Recognition PAUSED
2026-08-14 21:36:58,188 [INFO] core.command_executor: Recognition RESUMED
2026-08-14 21:36:58,506 [INFO] core.command_executor: Recognition PAUSED
2026-08-14 21:36:59,576 [INFO] core.command_executor: Recognition RESUMED
2026-08-14 21:36:59,801 [WARNING] screen_brightness_control.windows: exception parsing edid str for DISPLAY\AUO25ED\4&103e08ff&0&UID265988_0 - EDIDParseError: parsed EDID returned invalid display name
2026-08-14 21:36:59,985 [INFO] core.command_executor: Recognition PAUSED
2026-08-14 21:37:00,313 [INFO] core.command_executor: Recognition RESUMED
2026-08-14 21:37:00,656 [INFO] core.command_executor: Recognition PAUSED
2026-08-14 21:37:00,993 [INFO] core.command_executor: Recognition RESUMED
2026-08-14 21:37:01,323 [INFO] core.command_executor: Recognition PAUSED
2026-08-14 21:37:01,659 [INFO] core.command_executor: Recognition RESUMED
2026-08-14 21:37:02,215 [WARNING] screen_brightness_control.windows: exception parsing edid str for DISPLAY\AUO25ED\4&103e08ff&0&UID265988_0 - EDIDParseError: parsed EDID returned invalid display name
2026-08-14 21:37:05,209 [WARNING] screen_brightness_control.windows: exception parsing edid str for DISPLAY\AUO25ED\4&103e08ff&0&UID265988_0 - EDIDParseError: parsed EDID returned invalid display name
2026-08-14 21:37:05,396 [INFO] core.command_executor: Recognition PAUSED
2026-08-14 21:37:06,600 [INFO] core.command_executor: Recognition RESUMED
2026-08-14 21:37:07,309 [WARNING] screen_brightness_control.windows: exception parsing edid str for DISPLAY\AUO25ED\4&103e08ff&0&UID265988_0 - EDIDParseError: parsed EDID returned invalid display name
2026-08-14 21:37:07,500 [INFO] core.command_executor: Recognition PAUSED
2026-08-14 21:37:11,748 [INFO] core.command_executor: Recognition RESUMED
2026-08-14 21:37:16,173 [WARNING] screen_brightness_control.windows: exception parsing edid str for DISPLAY\AUO25ED\4&103e08ff&0&UID265988_0 - EDIDParseError: parsed EDID returned invalid display name
2026-08-14 21:37:29,100 [INFO] core.command_executor: Recognition PAUSED
2026-08-14 21:37:29,372 [INFO] core.command_executor: Recognition RESUMED
2026-08-14 21:37:29,683 [INFO] core.command_executor: Recognition PAUSED
2026-08-14 21:37:30,023 [INFO] core.command_executor: Recognition RESUMED
2026-08-14 21:37:30,327 [INFO] core.command_executor: Recognition PAUSED
2026-08-14 21:37:30,656 [INFO] core.command_executor: Recognition RESUMED
2026-08-14 21:37:30,999 [INFO] core.command_executor: Recognition PAUSED
2026-08-14 21:37:31,332 [INFO] core.command_executor: Recognition RESUMED
2026-08-14 21:37:41,797 [INFO] core.command_executor: Recognition PAUSED
2026-08-14 21:37:44,141 [INFO] core.command_executor: Recognition RESUMED
2026-08-14 21:37:44,428 [INFO] core.command_executor: Recognition PAUSED
2026-08-14 21:37:45,466 [INFO] core.command_executor: Recognition RESUMED
2026-08-14 21:37:45,775 [INFO] core.command_executor: Recognition PAUSED
2026-08-14 21:37:46,707 [INFO] core.command_executor: Recognition RESUMED
2026-08-14 21:37:47,036 [INFO] core.command_executor: Recognition PAUSED
2026-08-14 21:37:47,819 [INFO] core.command_executor: Recognition RESUMED
2026-08-14 21:37:48,008 [INFO] core.command_executor: Recognition PAUSED
2026-08-14 21:37:48,342 [INFO] core.command_executor: Recognition RESUMED
2026-08-14 21:37:48,651 [INFO] core.command_executor: Recognition PAUSED
2026-08-14 21:37:48,963 [INFO] core.command_executor: Recognition RESUMED
2026-08-14 21:37:49,315 [INFO] core.command_executor: Recognition PAUSED
2026-08-14 21:37:49,622 [INFO] core.command_executor: Recognition RESUMED
2026-08-14 21:37:49,929 [INFO] core.command_executor: Recognition PAUSED
2026-08-14 21:37:50,091 [INFO] core.command_executor: Recognition RESUMED
2026-08-14 21:37:50,251 [INFO] core.command_executor: Recognition PAUSED
2026-08-14 21:37:50,293 [INFO] core.command_executor: Recognition RESUMED
2026-08-14 21:37:50,608 [INFO] core.command_executor: Recognition PAUSED
2026-08-14 21:37:50,908 [INFO] core.command_executor: Recognition RESUMED
2026-08-14 21:37:51,244 [INFO] core.command_executor: Recognition PAUSED
2026-08-14 21:37:51,574 [INFO] core.command_executor: Recognition RESUMED
2026-08-14 21:37:51,889 [INFO] core.command_executor: Recognition PAUSED
2026-08-14 21:37:52,201 [INFO] core.command_executor: Recognition RESUMED
2026-08-14 21:37:52,447 [WARNING] screen_brightness_control.windows: exception parsing edid str for DISPLAY\AUO25ED\4&103e08ff&0&UID265988_0 - EDIDParseError: parsed EDID returned invalid display name
2026-08-14 21:37:54,708 [WARNING] screen_brightness_control.windows: exception parsing edid str for DISPLAY\AUO25ED\4&103e08ff&0&UID265988_0 - EDIDParseError: parsed EDID returned invalid display name
2026-08-14 21:37:56,288 [INFO] core.command_executor: Recognition PAUSED
2026-08-14 21:37:56,602 [INFO] core.command_executor: Recognition RESUMED
2026-08-14 21:37:56,941 [INFO] core.command_executor: Recognition PAUSED
2026-08-14 21:37:57,258 [INFO] core.command_executor: Recognition RESUMED
2026-08-14 21:37:57,922 [INFO] core.command_executor: Recognition PAUSED
2026-08-14 21:37:58,618 [INFO] core.command_executor: Recognition RESUMED
2026-08-14 21:37:58,675 [INFO] core.command_executor: Recognition PAUSED
2026-08-14 21:37:58,717 [INFO] core.command_executor: Recognition RESUMED
2026-08-14 21:37:58,757 [INFO] core.command_executor: Recognition PAUSED
2026-08-14 21:37:58,800 [INFO] core.command_executor: Recognition RESUMED
2026-08-14 21:37:58,845 [INFO] core.command_executor: Recognition PAUSED
2026-08-14 21:37:58,891 [INFO] core.command_executor: Recognition RESUMED
2026-08-14 21:37:58,930 [INFO] core.command_executor: Recognition PAUSED
2026-08-14 21:37:58,968 [INFO] core.command_executor: Recognition RESUMED
2026-08-14 21:37:59,008 [INFO] core.command_executor: Recognition PAUSED
2026-08-14 21:37:59,055 [INFO] core.command_executor: Recognition RESUMED
2026-08-14 21:37:59,098 [INFO] core.command_executor: Recognition PAUSED
2026-08-14 21:37:59,144 [INFO] core.command_executor: Recognition RESUMED
2026-08-14 21:37:59,187 [INFO] core.command_executor: Recognition PAUSED
2026-08-14 21:37:59,246 [INFO] core.command_executor: Recognition RESUMED
2026-08-14 21:37:59,284 [INFO] core.command_executor: Recognition PAUSED
2026-08-14 21:37:59,910 [INFO] core.command_executor: Recognition RESUMED
2026-08-14 21:38:00,418 [INFO] core.command_executor: Recognition PAUSED
2026-08-14 21:38:04,321 [INFO] core.command_executor: Recognition RESUMED
2026-08-14 21:38:04,448 [INFO] core.command_executor: Recognition PAUSED
2026-08-14 21:38:04,615 [INFO] core.command_executor: Recognition RESUMED
2026-08-14 21:38:04,777 [INFO] core.command_executor: Recognition PAUSED
2026-08-14 21:38:04,940 [INFO] core.command_executor: Recognition RESUMED
2026-08-14 21:38:05,101 [INFO] core.command_executor: Recognition PAUSED
2026-08-14 21:38:05,259 [INFO] core.command_executor: Recognition RESUMED
2026-08-14 21:38:08,422 [INFO] core.command_executor: Recognition PAUSED
2026-08-14 21:38:08,575 [INFO] core.command_executor: Recognition RESUMED
2026-08-14 21:38:11,327 [INFO] core.command_executor: Recognition PAUSED
2026-08-14 21:38:13,438 [INFO] core.command_executor: Recognition RESUMED
2026-08-14 21:38:13,495 [INFO] core.command_executor: Recognition PAUSED
2026-08-14 21:38:13,700 [INFO] core.command_executor: Recognition RESUMED
2026-08-14 21:38:13,860 [INFO] core.command_executor: Recognition PAUSED
2026-08-14 21:38:13,908 [INFO] core.command_executor: Recognition RESUMED
2026-08-14 21:38:13,988 [INFO] core.command_executor: Recognition PAUSED
2026-08-14 21:38:14,027 [INFO] core.command_executor: Recognition RESUMED
2026-08-14 21:38:14,188 [INFO] core.command_executor: Recognition PAUSED
2026-08-14 21:38:14,353 [INFO] core.command_executor: Recognition RESUMED
2026-08-14 21:38:14,513 [INFO] core.command_executor: Recognition PAUSED
2026-08-14 21:38:14,684 [INFO] core.command_executor: Recognition RESUMED
2026-08-14 21:38:14,890 [INFO] core.command_executor: Recognition PAUSED
2026-08-14 21:38:14,980 [INFO] core.command_executor: Recognition RESUMED
2026-08-14 21:38:15,029 [INFO] core.command_executor: Recognition PAUSED
2026-08-14 21:38:15,203 [INFO] core.command_executor: Recognition RESUMED
2026-08-14 21:38:15,409 [INFO] core.command_executor: Recognition PAUSED
2026-08-14 21:38:15,587 [INFO] core.command_executor: Recognition RESUMED
2026-08-14 21:38:15,924 [INFO] core.command_executor: Recognition PAUSED
2026-08-14 21:38:15,954 [INFO] core.command_executor: Recognition RESUMED
2026-08-14 21:38:16,293 [INFO] core.command_executor: Recognition PAUSED
2026-08-14 21:38:16,464 [INFO] core.command_executor: Recognition RESUMED
2026-08-14 21:38:16,645 [INFO] core.command_executor: Recognition PAUSED
2026-08-14 21:38:16,920 [INFO] core.command_executor: Recognition RESUMED
2026-08-14 21:38:17,351 [INFO] core.command_executor: Recognition PAUSED
2026-08-14 21:38:19,557 [INFO] core.command_executor: Recognition RESUMED
2026-08-14 21:38:19,600 [INFO] core.command_executor: Recognition PAUSED
2026-08-14 21:38:20,100 [INFO] core.command_executor: Recognition RESUMED
2026-08-14 21:38:20,141 [INFO] core.command_executor: Recognition PAUSED
2026-08-14 21:38:20,193 [INFO] core.command_executor: Recognition RESUMED
2026-08-14 21:38:20,245 [INFO] core.command_executor: Recognition PAUSED
2026-08-14 21:38:21,554 [INFO] core.command_executor: Recognition RESUMED
2026-08-14 21:38:21,865 [WARNING] screen_brightness_control.windows: exception parsing edid str for DISPLAY\AUO25ED\4&103e08ff&0&UID265988_0 - EDIDParseError: parsed EDID returned invalid display name
2026-08-14 21:38:22,190 [INFO] core.command_executor: Recognition PAUSED
2026-08-14 21:38:27,672 [INFO] core.command_executor: Recognition RESUMED
2026-08-14 21:38:28,089 [WARNING] screen_brightness_control.windows: exception parsing edid str for DISPLAY\AUO25ED\4&103e08ff&0&UID265988_0 - EDIDParseError: parsed EDID returned invalid display name
2026-08-14 21:38:28,291 [INFO] core.command_executor: Recognition PAUSED
2026-08-14 21:38:29,235 [INFO] core.command_executor: Recognition RESUMED
2026-08-14 21:38:29,588 [INFO] core.command_executor: Recognition PAUSED
2026-08-14 21:38:29,827 [INFO] core.command_executor: Recognition RESUMED
2026-08-14 21:38:31,546 [WARNING] screen_brightness_control.windows: exception parsing edid str for DISPLAY\AUO25ED\4&103e08ff&0&UID265988_0 - EDIDParseError: parsed EDID returned invalid display name
2026-08-14 21:38:38,949 [WARNING] screen_brightness_control.windows: exception parsing edid str for DISPLAY\AUO25ED\4&103e08ff&0&UID265988_0 - EDIDParseError: parsed EDID returned invalid display name
2026-08-14 21:38:44,693 [INFO] core.command_executor: Recognition PAUSED
2026-08-14 21:38:45,141 [INFO] core.command_executor: Recognition RESUMED
2026-08-14 21:38:45,464 [INFO] core.command_executor: Recognition PAUSED
2026-08-14 21:38:46,611 [INFO] core.command_executor: Recognition RESUMED
2026-08-14 21:38:46,811 [INFO] core.command_executor: Recognition PAUSED
2026-08-14 21:38:46,970 [INFO] core.command_executor: Recognition RESUMED
2026-08-14 21:38:47,515 [INFO] core.command_executor: Recognition PAUSED
2026-08-14 21:38:48,116 [INFO] core.command_executor: Recognition RESUMED
2026-08-14 21:38:48,679 [INFO] core.command_executor: Recognition PAUSED
2026-08-14 21:38:49,003 [INFO] core.command_executor: Recognition RESUMED
2026-08-14 21:38:49,357 [INFO] core.command_executor: Recognition PAUSED
2026-08-14 21:38:51,837 [INFO] core.command_executor: Recognition RESUMED
2026-08-14 21:38:52,115 [WARNING] screen_brightness_control.windows: exception parsing edid str for DISPLAY\AUO25ED\4&103e08ff&0&UID265988_0 - EDIDParseError: parsed EDID returned invalid display name
2026-08-14 21:38:52,324 [INFO] core.command_executor: Recognition PAUSED
2026-08-14 21:38:53,173 [INFO] core.command_executor: Recognition RESUMED
2026-08-14 21:38:53,458 [INFO] core.command_executor: Recognition PAUSED
2026-08-14 21:38:53,768 [INFO] core.command_executor: Recognition RESUMED
2026-08-14 21:38:54,053 [WARNING] screen_brightness_control.windows: exception parsing edid str for DISPLAY\AUO25ED\4&103e08ff&0&UID265988_0 - EDIDParseError: parsed EDID returned invalid display name
2026-08-14 21:38:54,314 [INFO] core.command_executor: Recognition PAUSED
2026-08-14 21:38:54,827 [INFO] core.command_executor: Recognition RESUMED
2026-08-14 21:38:57,319 [WARNING] screen_brightness_control.windows: exception parsing edid str for DISPLAY\AUO25ED\4&103e08ff&0&UID265988_0 - EDIDParseError: parsed EDID returned invalid display name
2026-08-14 21:39:05,131 [INFO] core.command_executor: Recognition PAUSED
2026-08-14 21:39:25,738 [INFO] core.command_executor: Recognition RESUMED
2026-08-14 21:39:34,148 [INFO] core.command_executor: Recognition PAUSED
2026-08-14 21:39:45,666 [INFO] core.command_executor: Recognition RESUMED
2026-08-14 21:39:45,729 [INFO] core.command_executor: Recognition PAUSED
2026-08-14 21:39:45,863 [INFO] core.command_executor: Recognition RESUMED
2026-08-14 21:39:45,927 [INFO] core.command_executor: Recognition PAUSED
2026-08-14 21:39:45,990 [INFO] core.command_executor: Recognition RESUMED
2026-08-14 21:39:46,123 [INFO] core.command_executor: Recognition PAUSED
2026-08-14 21:39:46,202 [INFO] core.command_executor: Recognition RESUMED
2026-08-14 21:39:46,269 [INFO] core.command_executor: Recognition PAUSED
2026-08-14 21:39:46,394 [INFO] core.command_executor: Recognition RESUMED
2026-08-14 21:39:46,458 [INFO] core.command_executor: Recognition PAUSED
2026-08-14 21:39:46,533 [INFO] core.command_executor: Recognition RESUMED
2026-08-14 21:39:46,663 [INFO] core.command_executor: Recognition PAUSED
2026-08-14 21:39:46,729 [INFO] core.command_executor: Recognition RESUMED
2026-08-14 21:39:46,801 [INFO] core.command_executor: Recognition PAUSED
2026-08-14 21:39:46,938 [INFO] core.command_executor: Recognition RESUMED
2026-08-14 21:39:47,004 [INFO] core.command_executor: Recognition PAUSED
2026-08-14 21:39:47,069 [INFO] core.command_executor: Recognition RESUMED
2026-08-14 21:39:47,192 [INFO] core.command_executor: Recognition PAUSED
2026-08-14 21:39:47,272 [INFO] core.command_executor: Recognition RESUMED
2026-08-14 21:39:47,333 [INFO] core.command_executor: Recognition PAUSED
2026-08-14 21:39:47,464 [INFO] core.command_executor: Recognition RESUMED
2026-08-14 21:39:47,526 [INFO] core.command_executor: Recognition PAUSED
2026-08-14 21:39:47,600 [INFO] core.command_executor: Recognition RESUMED
2026-08-14 21:39:47,736 [INFO] core.command_executor: Recognition PAUSED
2026-08-14 21:39:59,255 [INFO] core.command_executor: Recognition RESUMED
2026-08-14 21:39:59,559 [INFO] core.command_executor: Recognition PAUSED
2026-08-14 21:40:10,512 [INFO] core.command_executor: Recognition RESUMED
2026-08-14 21:40:10,565 [INFO] core.command_executor: Recognition PAUSED
2026-08-14 21:40:10,608 [INFO] core.command_executor: Recognition RESUMED
2026-08-14 21:40:10,648 [INFO] core.command_executor: Recognition PAUSED
2026-08-14 21:40:10,688 [INFO] core.command_executor: Recognition RESUMED
2026-08-14 21:40:10,730 [INFO] core.command_executor: Recognition PAUSED
2026-08-14 21:40:10,773 [INFO] core.command_executor: Recognition RESUMED
2026-08-14 21:40:11,073 [INFO] core.command_executor: Recognition PAUSED
2026-08-14 21:40:11,418 [INFO] core.command_executor: Recognition RESUMED
2026-08-14 21:40:11,736 [INFO] core.command_executor: Recognition PAUSED
2026-08-14 21:40:12,053 [INFO] core.command_executor: Recognition RESUMED
2026-08-14 21:40:12,370 [INFO] core.command_executor: Recognition PAUSED
2026-08-14 21:40:17,646 [INFO] core.command_executor: Recognition RESUMED
2026-08-14 21:40:23,291 [WARNING] screen_brightness_control.windows: exception parsing edid str for DISPLAY\AUO25ED\4&103e08ff&0&UID265988_0 - EDIDParseError: parsed EDID returned invalid display name
2026-08-14 21:40:27,890 [WARNING] screen_brightness_control.windows: exception parsing edid str for DISPLAY\AUO25ED\4&103e08ff&0&UID265988_0 - EDIDParseError: parsed EDID returned invalid display name
2026-08-14 21:40:32,721 [WARNING] screen_brightness_control.windows: exception parsing edid str for DISPLAY\AUO25ED\4&103e08ff&0&UID265988_0 - EDIDParseError: parsed EDID returned invalid display name
2026-08-14 21:40:36,004 [WARNING] screen_brightness_control.windows: exception parsing edid str for DISPLAY\AUO25ED\4&103e08ff&0&UID265988_0 - EDIDParseError: parsed EDID returned invalid display name
2026-08-14 21:40:42,426 [WARNING] screen_brightness_control.windows: exception parsing edid str for DISPLAY\AUO25ED\4&103e08ff&0&UID265988_0 - EDIDParseError: parsed EDID returned invalid display name
2026-08-14 21:41:00,480 [WARNING] screen_brightness_control.windows: exception parsing edid str for DISPLAY\AUO25ED\4&103e08ff&0&UID265988_0 - EDIDParseError: parsed EDID returned invalid display name
2026-08-14 21:41:11,098 [WARNING] screen_brightness_control.windows: exception parsing edid str for DISPLAY\AUO25ED\4&103e08ff&0&UID265988_0 - EDIDParseError: parsed EDID returned invalid display name
2026-08-14 21:41:14,426 [WARNING] screen_brightness_control.windows: exception parsing edid str for DISPLAY\AUO25ED\4&103e08ff&0&UID265988_0 - EDIDParseError: parsed EDID returned invalid display name
2026-08-14 21:41:16,296 [INFO] core.command_executor: Recognition PAUSED
2026-08-14 21:41:16,633 [INFO] core.command_executor: Recognition RESUMED
2026-08-14 21:41:16,958 [INFO] core.command_executor: Recognition PAUSED
2026-08-14 21:41:17,300 [INFO] core.command_executor: Recognition RESUMED
2026-08-14 21:41:17,636 [INFO] core.command_executor: Recognition PAUSED
2026-08-14 21:41:17,970 [INFO] core.command_executor: Recognition RESUMED
2026-08-14 21:41:25,386 [INFO] core.command_executor: Recognition PAUSED
2026-08-14 21:41:27,932 [INFO] core.command_executor: Recognition RESUMED
2026-08-14 21:41:30,724 [WARNING] screen_brightness_control.windows: exception parsing edid str for DISPLAY\AUO25ED\4&103e08ff&0&UID265988_0 - EDIDParseError: parsed EDID returned invalid display name
2026-08-14 21:41:46,173 [WARNING] screen_brightness_control.windows: exception parsing edid str for DISPLAY\AUO25ED\4&103e08ff&0&UID265988_0 - EDIDParseError: parsed EDID returned invalid display name
2026-08-14 21:42:07,051 [INFO] core.command_executor: Recognition PAUSED
2026-08-14 21:42:07,202 [INFO] core.command_executor: Recognition RESUMED
2026-08-14 21:42:08,560 [WARNING] screen_brightness_control.windows: exception parsing edid str for DISPLAY\AUO25ED\4&103e08ff&0&UID265988_0 - EDIDParseError: parsed EDID returned invalid display name
2026-08-14 21:42:10,446 [WARNING] screen_brightness_control.windows: exception parsing edid str for DISPLAY\AUO25ED\4&103e08ff&0&UID265988_0 - EDIDParseError: parsed EDID returned invalid display name
2026-08-14 21:42:15,082 [INFO] core.command_executor: Recognition PAUSED
2026-08-14 21:42:15,209 [INFO] core.command_executor: Recognition RESUMED
2026-08-14 21:42:16,679 [INFO] core.command_executor: Recognition PAUSED
2026-08-14 21:42:17,027 [INFO] core.command_executor: Recognition RESUMED
2026-08-14 21:42:17,361 [INFO] core.command_executor: Recognition PAUSED
2026-08-14 21:42:19,687 [INFO] core.command_executor: Recognition RESUMED
2026-08-14 21:42:21,431 [INFO] core.command_executor: Recognition PAUSED
2026-08-14 21:42:23,580 [INFO] core.command_executor: Recognition RESUMED
2026-08-14 21:42:23,980 [INFO] core.command_executor: Recognition PAUSED
2026-08-14 21:42:24,315 [INFO] core.command_executor: Recognition RESUMED
2026-08-14 21:42:24,647 [INFO] core.command_executor: Recognition PAUSED
2026-08-14 21:42:25,051 [INFO] core.command_executor: Recognition RESUMED
2026-08-14 21:42:25,453 [INFO] core.command_executor: Recognition PAUSED
2026-08-14 21:42:25,582 [INFO] core.command_executor: Recognition RESUMED
2026-08-14 21:42:26,206 [WARNING] screen_brightness_control.windows: exception parsing edid str for DISPLAY\AUO25ED\4&103e08ff&0&UID265988_0 - EDIDParseError: parsed EDID returned invalid display name
2026-08-14 21:42:26,402 [INFO] core.command_executor: Recognition PAUSED
2026-08-14 21:42:26,919 [INFO] core.command_executor: Recognition RESUMED
2026-08-14 21:42:27,662 [INFO] core.command_executor: Recognition PAUSED
2026-08-14 21:42:27,784 [INFO] core.command_executor: Recognition RESUMED
2026-08-14 21:42:43,724 [WARNING] screen_brightness_control.windows: exception parsing edid str for DISPLAY\AUO25ED\4&103e08ff&0&UID265988_0 - EDIDParseError: parsed EDID returned invalid display name
2026-08-14 21:43:14,516 [INFO] training.gesture_trainer: Loaded 100 samples across 1 gestures
2026-08-14 21:43:14,527 [INFO] training.gesture_trainer: Training set: 80, Test set: 20
2026-08-14 21:43:14,779 [INFO] training.gesture_trainer: RandomForest accuracy: 1.0000
2026-08-14 21:43:14,825 [INFO] training.gesture_trainer: MLP accuracy: 1.0000
2026-08-14 21:43:14,910 [INFO] training.gesture_trainer: Best model (RandomForest) saved to F:\Gesture AI\models\gesture_model_1.joblib
2026-08-14 21:43:14,974 [INFO] core.gesture_recognizer: Loaded ML model from F:\Gesture AI\models\gesture_model_1.joblib (1 gestures)
2026-08-14 21:43:33,641 [INFO] core.command_executor: Recognition PAUSED
2026-08-14 21:43:39,980 [INFO] training.gesture_trainer: Loaded 300 samples across 1 gestures
2026-08-14 21:43:39,985 [INFO] training.gesture_trainer: Training set: 240, Test set: 60
2026-08-14 21:43:40,248 [INFO] training.gesture_trainer: RandomForest accuracy: 1.0000
2026-08-14 21:43:40,307 [INFO] training.gesture_trainer: MLP accuracy: 1.0000
2026-08-14 21:43:40,438 [INFO] training.gesture_trainer: Best model (RandomForest) saved to F:\Gesture AI\models\gesture_model_1.joblib
2026-08-14 21:43:40,510 [INFO] core.gesture_recognizer: Loaded ML model from F:\Gesture AI\models\gesture_model_1.joblib (1 gestures)
2026-08-14 21:43:59,737 [INFO] training.gesture_trainer: Deleted 300 samples for 'Thumbs Down'
2026-08-14 21:44:09,087 [INFO] core.command_executor: Recognition RESUMED
2026-08-14 21:44:09,336 [INFO] core.command_executor: Recognition PAUSED
2026-08-14 21:44:09,494 [INFO] core.command_executor: Recognition RESUMED
2026-08-14 21:44:09,668 [INFO] core.command_executor: Recognition PAUSED
2026-08-14 21:44:09,914 [INFO] core.command_executor: Recognition RESUMED
2026-08-14 21:44:10,070 [INFO] core.command_executor: Recognition PAUSED
2026-08-14 21:44:10,229 [INFO] core.command_executor: Recognition RESUMED
2026-08-14 21:44:10,511 [INFO] core.command_executor: Recognition PAUSED
2026-08-14 21:44:21,320 [INFO] training.gesture_trainer: Loaded 200 samples across 1 gestures
2026-08-14 21:44:21,323 [INFO] training.gesture_trainer: Training set: 160, Test set: 40
2026-08-14 21:44:21,587 [INFO] training.gesture_trainer: RandomForest accuracy: 1.0000
2026-08-14 21:44:21,628 [INFO] training.gesture_trainer: MLP accuracy: 1.0000
2026-08-14 21:44:21,719 [INFO] training.gesture_trainer: Best model (RandomForest) saved to F:\Gesture AI\models\gesture_model_1.joblib
2026-08-14 21:44:21,788 [INFO] core.gesture_recognizer: Loaded ML model from F:\Gesture AI\models\gesture_model_1.joblib (1 gestures)
2026-08-14 21:45:21,494 [INFO] core.command_executor: Recognition RESUMED
2026-08-14 21:45:21,648 [INFO] core.command_executor: Recognition PAUSED
2026-08-14 21:45:23,218 [INFO] core.command_executor: Recognition RESUMED
2026-08-14 21:45:23,391 [INFO] core.command_executor: Recognition PAUSED
2026-08-14 21:45:25,222 [INFO] core.command_executor: Recognition RESUMED
2026-08-14 21:45:25,405 [INFO] core.command_executor: Recognition PAUSED
2026-08-14 21:45:25,571 [INFO] core.command_executor: Recognition RESUMED
2026-08-14 21:45:25,765 [INFO] core.command_executor: Recognition PAUSED
2026-08-14 21:45:25,944 [INFO] core.command_executor: Recognition RESUMED
2026-08-14 21:45:26,167 [INFO] core.command_executor: Recognition PAUSED
2026-08-14 21:45:26,329 [INFO] core.command_executor: Recognition RESUMED
2026-08-14 21:45:26,496 [INFO] core.command_executor: Recognition PAUSED
2026-08-14 21:45:26,721 [INFO] core.command_executor: Recognition RESUMED
2026-08-14 21:45:27,424 [WARNING] screen_brightness_control.windows: exception parsing edid str for DISPLAY\AUO25ED\4&103e08ff&0&UID265988_0 - EDIDParseError: parsed EDID returned invalid display name
2026-08-14 21:45:29,708 [INFO] core.command_executor: Recognition PAUSED
2026-08-14 21:45:30,001 [INFO] core.command_executor: Recognition RESUMED
2026-08-14 21:45:34,693 [WARNING] screen_brightness_control.windows: exception parsing edid str for DISPLAY\AUO25ED\4&103e08ff&0&UID265988_0 - EDIDParseError: parsed EDID returned invalid display name
2026-08-14 21:45:40,482 [WARNING] screen_brightness_control.windows: exception parsing edid str for DISPLAY\AUO25ED\4&103e08ff&0&UID265988_0 - EDIDParseError: parsed EDID returned invalid display name
2026-08-14 21:45:42,656 [WARNING] screen_brightness_control.windows: exception parsing edid str for DISPLAY\AUO25ED\4&103e08ff&0&UID265988_0 - EDIDParseError: parsed EDID returned invalid display name
2026-08-14 21:45:44,244 [WARNING] screen_brightness_control.windows: exception parsing edid str for DISPLAY\AUO25ED\4&103e08ff&0&UID265988_0 - EDIDParseError: parsed EDID returned invalid display name
2026-08-14 21:45:44,661 [INFO] core.command_executor: Recognition PAUSED
2026-08-14 21:46:02,753 [INFO] core.command_executor: Recognition RESUMED
2026-08-14 21:46:02,967 [INFO] core.command_executor: Recognition PAUSED
2026-08-14 21:46:44,927 [INFO] training.gesture_trainer: Loaded 200 samples across 1 gestures
2026-08-14 21:46:44,929 [INFO] training.gesture_trainer: Training set: 160, Test set: 40
2026-08-14 21:46:45,165 [INFO] training.gesture_trainer: RandomForest accuracy: 1.0000
2026-08-14 21:46:45,207 [INFO] training.gesture_trainer: MLP accuracy: 1.0000
2026-08-14 21:46:45,288 [INFO] training.gesture_trainer: Best model (RandomForest) saved to F:\Gesture AI\models\gesture_model_1.joblib
2026-08-14 21:46:45,340 [INFO] core.gesture_recognizer: Loaded ML model from F:\Gesture AI\models\gesture_model_1.joblib (1 gestures)
2026-08-14 21:47:26,326 [INFO] training.gesture_trainer: Deleted 200 samples for 'Thumbs Down'
2026-08-14 21:48:19,539 [INFO] training.gesture_trainer: Deleted 200 samples for 'three finger'
2026-08-14 21:48:46,600 [INFO] core.command_executor: Recognition RESUMED
2026-08-14 21:48:46,844 [INFO] core.command_executor: Recognition PAUSED
2026-08-14 21:48:47,363 [INFO] core.command_executor: Recognition RESUMED
2026-08-14 21:48:47,517 [INFO] core.command_executor: Recognition PAUSED
2026-08-14 21:48:47,736 [INFO] core.command_executor: Recognition RESUMED
2026-08-14 21:48:47,893 [INFO] core.command_executor: Recognition PAUSED
2026-08-14 21:48:48,051 [INFO] core.command_executor: Recognition RESUMED
2026-08-14 21:48:48,338 [INFO] core.command_executor: Recognition PAUSED
2026-08-14 21:48:48,492 [INFO] core.command_executor: Recognition RESUMED
2026-08-14 21:48:48,646 [INFO] core.command_executor: Recognition PAUSED
2026-08-14 21:48:48,963 [INFO] core.command_executor: Recognition RESUMED
2026-08-14 21:48:49,416 [WARNING] screen_brightness_control.windows: exception parsing edid str for DISPLAY\AUO25ED\4&103e08ff&0&UID265988_0 - EDIDParseError: parsed EDID returned invalid display name
2026-08-14 21:48:53,706 [INFO] core.command_executor: Recognition PAUSED
2026-08-14 21:48:53,906 [INFO] core.command_executor: Recognition RESUMED
2026-08-14 21:48:54,057 [INFO] core.command_executor: Recognition PAUSED
2026-08-14 21:48:54,246 [INFO] core.command_executor: Recognition RESUMED
2026-08-14 21:48:54,431 [INFO] core.command_executor: Recognition PAUSED
2026-08-14 21:48:55,749 [INFO] core.command_executor: Recognition RESUMED
2026-08-14 21:48:56,028 [INFO] core.command_executor: Recognition PAUSED
2026-08-14 21:48:56,176 [INFO] core.command_executor: Recognition RESUMED
2026-08-14 21:48:56,335 [INFO] core.command_executor: Recognition PAUSED
2026-08-14 21:48:56,542 [INFO] core.command_executor: Recognition RESUMED
2026-08-14 21:48:56,745 [INFO] core.command_executor: Recognition PAUSED
2026-08-14 21:48:56,913 [INFO] core.command_executor: Recognition RESUMED
2026-08-14 21:48:57,063 [INFO] core.command_executor: Recognition PAUSED
2026-08-14 21:48:57,368 [INFO] core.command_executor: Recognition RESUMED
2026-08-14 21:48:57,528 [INFO] core.command_executor: Recognition PAUSED
2026-08-14 21:48:58,942 [INFO] core.command_executor: Recognition RESUMED
2026-08-14 21:48:59,146 [INFO] core.command_executor: Recognition PAUSED
2026-08-14 21:48:59,320 [INFO] core.command_executor: Recognition RESUMED
2026-08-14 21:49:01,014 [INFO] core.command_executor: Recognition PAUSED
2026-08-14 21:49:01,187 [INFO] core.command_executor: Recognition RESUMED
2026-08-14 21:49:01,367 [INFO] core.command_executor: Recognition PAUSED
2026-08-14 21:49:01,626 [INFO] core.command_executor: Recognition RESUMED
2026-08-14 21:49:01,914 [INFO] core.command_executor: Recognition PAUSED
2026-08-14 21:49:02,091 [INFO] core.command_executor: Recognition RESUMED
2026-08-14 21:49:02,259 [INFO] core.command_executor: Recognition PAUSED
2026-08-14 21:49:02,453 [INFO] core.command_executor: Recognition RESUMED
2026-08-14 21:49:02,663 [INFO] core.command_executor: Recognition PAUSED
2026-08-14 21:49:03,241 [INFO] core.command_executor: Recognition RESUMED
2026-08-14 21:49:03,429 [INFO] core.command_executor: Recognition PAUSED
2026-08-14 21:49:03,606 [INFO] core.command_executor: Recognition RESUMED
2026-08-14 21:49:03,780 [INFO] core.command_executor: Recognition PAUSED
2026-08-14 21:49:03,963 [INFO] core.command_executor: Recognition RESUMED
2026-08-14 21:49:04,175 [INFO] core.command_executor: Recognition PAUSED
2026-08-14 21:49:04,356 [INFO] core.command_executor: Recognition RESUMED
2026-08-14 21:49:04,543 [INFO] core.command_executor: Recognition PAUSED
2026-08-14 21:49:04,712 [INFO] core.command_executor: Recognition RESUMED
2026-08-14 21:49:05,193 [WARNING] screen_brightness_control.windows: exception parsing edid str for DISPLAY\AUO25ED\4&103e08ff&0&UID265988_0 - EDIDParseError: parsed EDID returned invalid display name
2026-08-14 21:49:17,612 [INFO] core.command_executor: Recognition PAUSED
2026-08-14 21:49:19,849 [INFO] core.command_executor: Recognition RESUMED
2026-08-14 21:49:19,997 [INFO] core.command_executor: Recognition PAUSED
2026-08-14 21:49:20,160 [INFO] core.command_executor: Recognition RESUMED
2026-08-14 21:49:23,057 [WARNING] screen_brightness_control.windows: exception parsing edid str for DISPLAY\AUO25ED\4&103e08ff&0&UID265988_0 - EDIDParseError: parsed EDID returned invalid display name
2026-08-14 21:49:32,077 [INFO] core.command_executor: Recognition PAUSED
2026-08-14 21:49:36,088 [INFO] core.command_executor: Recognition RESUMED
2026-08-14 21:49:44,176 [WARNING] screen_brightness_control.windows: exception parsing edid str for DISPLAY\AUO25ED\4&103e08ff&0&UID265988_0 - EDIDParseError: parsed EDID returned invalid display name
2026-08-14 21:49:44,551 [INFO] core.command_executor: Recognition PAUSED
2026-08-14 21:49:47,006 [INFO] core.command_executor: Recognition RESUMED
2026-08-14 21:49:47,472 [INFO] core.video_capture: Camera released
2026-08-14 21:49:47,485 [INFO] core.hand_detector: HandDetector closed
2026-08-14 21:50:25,165 [INFO] core.video_capture: VideoCapture configured: camera=0, resolution=1280x720, fps=30
2026-08-14 21:50:26,941 [INFO] core.video_capture: Camera opened: 1280x720 @ 30fps
2026-08-14 21:50:26,957 [INFO] core.hand_detector: HandDetector initialized: max_hands=2, det_conf=0.7, track_conf=0.5
2026-08-14 21:50:26,957 [INFO] monitoring.performance_monitor: PerformanceMonitor reset
2026-08-14 21:50:45,738 [INFO] core.video_capture: Camera released
2026-08-14 21:50:45,749 [INFO] core.hand_detector: HandDetector closed
2026-08-14 21:50:46,626 [INFO] database.db_manager: Database connection closed successfully.
2026-08-14 21:50:46,728 [INFO] __main__: Application shutdown
2026-08-14 21:51:02,427 [INFO] __main__: Starting Gesture AI — Hand Gesture Control System v1.0.0
2026-08-14 21:51:02,519 [INFO] database.db_manager: Database tables verified/created successfully.
2026-08-14 21:51:02,519 [INFO] database.db_manager: Database connection established successfully at F:\Gesture AI\gesture_ai.db
2026-08-14 21:51:02,519 [INFO] auth.auth_manager: AuthManager initialized
2026-08-14 21:51:02,551 [INFO] core.command_executor: Volume control initialized (pycaw)
2026-08-14 21:51:02,551 [INFO] core.command_executor: CommandExecutor initialized: pyautogui=True, volume=True, brightness=True, screen=1920x1080
2026-08-14 21:51:02,984 [INFO] __main__: GestureAIApp initialized
2026-08-14 21:51:10,368 [INFO] auth.auth_manager: User logged in: rudra
2026-08-14 21:51:10,937 [INFO] core.gesture_recognizer: Loaded ML model from F:\Gesture AI\models\gesture_model_1.joblib (1 gestures)
2026-08-14 21:51:10,937 [INFO] core.gesture_recognizer: GestureRecognizer initialized (user_id=1, ml_model=loaded)
2026-08-14 21:51:10,937 [INFO] training.gesture_trainer: GestureTrainer initialized for user 1
2026-08-14 21:51:10,937 [INFO] monitoring.performance_monitor: PerformanceMonitor initialized
2026-08-14 21:51:46,142 [INFO] core.video_capture: VideoCapture configured: camera=0, resolution=1280x720, fps=30
2026-08-14 21:51:48,027 [INFO] core.video_capture: Camera opened: 1280x720 @ 30fps
2026-08-14 21:51:48,036 [INFO] core.hand_detector: HandDetector initialized: max_hands=2, det_conf=0.7, track_conf=0.5
2026-08-14 21:51:48,037 [INFO] monitoring.performance_monitor: PerformanceMonitor reset
2026-08-14 21:53:13,065 [INFO] core.command_executor: Mouse tracking enabled
2026-08-14 21:58:11,557 [INFO] core.command_executor: Mouse tracking disabled
2026-08-14 21:58:47,975 [INFO] core.video_capture: Camera released
2026-08-14 21:58:47,991 [INFO] core.hand_detector: HandDetector closed
2026-08-14 21:58:48,004 [INFO] database.db_manager: Database connection closed successfully.
2026-08-14 21:58:48,201 [INFO] __main__: Application shutdown
2026-08-14 21:58:55,004 [INFO] __main__: Starting Gesture AI — Hand Gesture Control System v1.0.0
2026-08-14 21:58:55,120 [INFO] database.db_manager: Database tables verified/created successfully.
2026-08-14 21:58:55,120 [INFO] database.db_manager: Database connection established successfully at F:\Gesture AI\gesture_ai.db
2026-08-14 21:58:55,120 [INFO] auth.auth_manager: AuthManager initialized
2026-08-14 21:58:55,158 [INFO] core.command_executor: Volume control initialized (pycaw)
2026-08-14 21:58:55,159 [INFO] core.command_executor: CommandExecutor initialized: pyautogui=True, volume=True, brightness=True, screen=1920x1080
2026-08-14 21:58:55,593 [INFO] __main__: GestureAIApp initialized
2026-08-14 21:59:05,755 [INFO] auth.auth_manager: User logged in: rudra
2026-08-14 21:59:06,310 [INFO] core.gesture_recognizer: Loaded ML model from F:\Gesture AI\models\gesture_model_1.joblib (1 gestures)
2026-08-14 21:59:06,310 [INFO] core.gesture_recognizer: GestureRecognizer initialized (user_id=1, ml_model=loaded)
2026-08-14 21:59:06,310 [INFO] training.gesture_trainer: GestureTrainer initialized for user 1
2026-08-14 21:59:06,310 [INFO] monitoring.performance_monitor: PerformanceMonitor initialized
2026-08-14 21:59:38,821 [INFO] core.video_capture: VideoCapture configured: camera=0, resolution=1280x720, fps=30
2026-08-14 21:59:40,797 [INFO] core.video_capture: Camera opened: 1280x720 @ 30fps
2026-08-14 21:59:40,807 [INFO] core.hand_detector: HandDetector initialized: max_hands=2, det_conf=0.7, track_conf=0.5
2026-08-14 21:59:40,808 [INFO] monitoring.performance_monitor: PerformanceMonitor reset
2026-08-14 21:59:41,867 [INFO] core.command_executor: Recognition PAUSED
2026-08-14 21:59:42,000 [INFO] core.command_executor: Recognition RESUMED
2026-08-14 21:59:42,153 [INFO] core.command_executor: Recognition PAUSED
2026-08-14 21:59:42,340 [INFO] core.command_executor: Recognition RESUMED
2026-08-14 21:59:42,553 [INFO] core.command_executor: Recognition PAUSED
2026-08-14 21:59:42,784 [INFO] core.command_executor: Recognition RESUMED
2026-08-14 21:59:42,975 [INFO] core.command_executor: Recognition PAUSED
2026-08-14 21:59:43,165 [INFO] core.command_executor: Recognition RESUMED
2026-08-14 21:59:43,360 [INFO] core.command_executor: Recognition PAUSED
2026-08-14 21:59:43,537 [INFO] core.command_executor: Recognition RESUMED
2026-08-14 21:59:43,722 [INFO] core.command_executor: Recognition PAUSED
2026-08-14 21:59:43,894 [INFO] core.command_executor: Recognition RESUMED
2026-08-14 21:59:44,060 [INFO] core.command_executor: Recognition PAUSED
2026-08-14 21:59:44,250 [INFO] core.command_executor: Recognition RESUMED
2026-08-14 21:59:44,417 [INFO] core.command_executor: Recognition PAUSED
2026-08-14 21:59:44,571 [INFO] core.command_executor: Recognition RESUMED
2026-08-14 21:59:44,728 [INFO] core.command_executor: Recognition PAUSED
2026-08-14 21:59:44,949 [INFO] core.command_executor: Recognition RESUMED
2026-08-14 21:59:45,138 [INFO] core.command_executor: Recognition PAUSED
2026-08-14 21:59:45,304 [INFO] core.command_executor: Recognition RESUMED
2026-08-14 21:59:45,473 [INFO] core.command_executor: Recognition PAUSED
2026-08-14 21:59:45,646 [INFO] core.command_executor: Recognition RESUMED
2026-08-14 21:59:45,815 [INFO] core.command_executor: Recognition PAUSED
2026-08-14 21:59:46,014 [INFO] core.command_executor: Recognition RESUMED
2026-08-14 21:59:46,197 [INFO] core.command_executor: Recognition PAUSED
2026-08-14 21:59:46,369 [INFO] core.command_executor: Recognition RESUMED
2026-08-14 21:59:46,568 [INFO] core.command_executor: Recognition PAUSED
2026-08-14 21:59:46,753 [INFO] core.command_executor: Recognition RESUMED
2026-08-14 21:59:51,085 [INFO] core.command_executor: Recognition PAUSED
2026-08-14 21:59:57,619 [INFO] core.command_executor: Recognition RESUMED
2026-08-14 21:59:57,787 [INFO] core.command_executor: Recognition PAUSED
2026-08-14 21:59:58,014 [INFO] core.command_executor: Recognition RESUMED
2026-08-14 22:00:11,713 [INFO] core.command_executor: Recognition PAUSED
2026-08-14 22:00:37,705 [INFO] core.command_executor: Recognition RESUMED
2026-08-14 22:00:37,897 [INFO] core.command_executor: Recognition PAUSED
2026-08-14 22:00:38,070 [INFO] core.command_executor: Recognition RESUMED
2026-08-14 22:00:38,253 [INFO] core.command_executor: Recognition PAUSED
2026-08-14 22:00:38,426 [INFO] core.command_executor: Recognition RESUMED
2026-08-14 22:00:38,612 [INFO] core.command_executor: Recognition PAUSED
2026-08-14 22:00:38,847 [INFO] core.command_executor: Recognition RESUMED
2026-08-14 22:00:39,019 [INFO] core.command_executor: Recognition PAUSED
2026-08-14 22:00:39,205 [INFO] core.command_executor: Recognition RESUMED
2026-08-14 22:00:46,596 [INFO] core.command_executor: Recognition PAUSED
2026-08-14 22:00:46,946 [INFO] core.command_executor: Recognition RESUMED
2026-08-14 22:00:47,134 [INFO] core.command_executor: Recognition PAUSED
2026-08-14 22:00:47,312 [INFO] core.command_executor: Recognition RESUMED
2026-08-14 22:00:47,495 [INFO] core.command_executor: Recognition PAUSED
2026-08-14 22:00:47,735 [INFO] core.command_executor: Recognition RESUMED
2026-08-14 22:00:47,949 [INFO] core.command_executor: Recognition PAUSED
2026-08-14 22:00:48,168 [INFO] core.command_executor: Recognition RESUMED
2026-08-14 22:00:48,351 [INFO] core.command_executor: Recognition PAUSED
2026-08-14 22:00:48,863 [INFO] core.command_executor: Recognition RESUMED
2026-08-14 22:00:49,047 [INFO] core.command_executor: Recognition PAUSED
2026-08-14 22:00:49,293 [INFO] core.command_executor: Recognition RESUMED
2026-08-14 22:00:49,480 [INFO] core.command_executor: Recognition PAUSED
2026-08-14 22:00:49,678 [INFO] core.command_executor: Recognition RESUMED
2026-08-14 22:00:49,872 [INFO] core.command_executor: Recognition PAUSED
2026-08-14 22:00:50,033 [INFO] core.command_executor: Recognition RESUMED
2026-08-14 22:00:50,229 [INFO] core.command_executor: Recognition PAUSED
2026-08-14 22:00:50,464 [INFO] core.command_executor: Recognition RESUMED
2026-08-14 22:00:52,065 [INFO] core.command_executor: Recognition PAUSED
2026-08-14 22:00:52,279 [INFO] core.command_executor: Recognition RESUMED
2026-08-14 22:00:52,503 [INFO] core.command_executor: Recognition PAUSED
2026-08-14 22:00:52,678 [INFO] core.command_executor: Recognition RESUMED
2026-08-14 22:00:52,890 [INFO] core.command_executor: Recognition PAUSED
2026-08-14 22:00:53,092 [INFO] core.command_executor: Recognition RESUMED
2026-08-14 22:00:53,267 [INFO] core.command_executor: Recognition PAUSED
2026-08-14 22:00:53,450 [INFO] core.command_executor: Recognition RESUMED
2026-08-14 22:00:53,651 [INFO] core.command_executor: Recognition PAUSED
2026-08-14 22:00:54,068 [INFO] core.command_executor: Recognition RESUMED
2026-08-14 22:00:54,270 [INFO] core.command_executor: Recognition PAUSED
2026-08-14 22:00:54,456 [INFO] core.command_executor: Recognition RESUMED
2026-08-14 22:00:54,649 [INFO] core.command_executor: Recognition PAUSED
2026-08-14 22:00:54,819 [INFO] core.command_executor: Recognition RESUMED
2026-08-14 22:00:54,988 [INFO] core.command_executor: Recognition PAUSED
2026-08-14 22:00:55,172 [INFO] core.command_executor: Recognition RESUMED
2026-08-14 22:00:55,406 [INFO] core.command_executor: Recognition PAUSED
2026-08-14 22:00:55,595 [INFO] core.command_executor: Recognition RESUMED
2026-08-14 22:00:55,811 [INFO] core.command_executor: Recognition PAUSED
2026-08-14 22:00:57,054 [INFO] core.command_executor: Recognition RESUMED
2026-08-14 22:00:57,236 [INFO] core.command_executor: Recognition PAUSED
2026-08-14 22:00:58,304 [INFO] core.command_executor: Recognition RESUMED
2026-08-14 22:00:58,481 [INFO] core.command_executor: Recognition PAUSED
2026-08-14 22:00:59,720 [INFO] core.command_executor: Recognition RESUMED
2026-08-14 22:00:59,885 [INFO] core.command_executor: Recognition PAUSED
2026-08-14 22:01:00,059 [INFO] core.command_executor: Recognition RESUMED
2026-08-14 22:01:15,345 [INFO] core.command_executor: Recognition PAUSED
2026-08-14 22:01:15,484 [INFO] core.command_executor: Recognition RESUMED
2026-08-14 22:01:20,760 [INFO] core.command_executor: Recognition PAUSED
2026-08-14 22:01:20,964 [INFO] core.command_executor: Recognition RESUMED
2026-08-14 22:01:21,299 [INFO] core.command_executor: Recognition PAUSED
2026-08-14 22:01:21,512 [INFO] core.command_executor: Recognition RESUMED
2026-08-14 22:01:21,874 [INFO] core.command_executor: Recognition PAUSED
2026-08-14 22:01:22,094 [INFO] core.command_executor: Recognition RESUMED
2026-08-14 22:01:24,412 [INFO] core.command_executor: Recognition PAUSED
2026-08-14 22:01:24,623 [INFO] core.command_executor: Recognition RESUMED
2026-08-14 22:01:24,826 [INFO] core.command_executor: Recognition PAUSED
2026-08-14 22:01:25,126 [INFO] core.command_executor: Recognition RESUMED
2026-08-14 22:01:25,339 [INFO] core.command_executor: Recognition PAUSED
2026-08-14 22:01:25,599 [INFO] core.command_executor: Recognition RESUMED
2026-08-14 22:02:10,760 [INFO] core.video_capture: Camera released
2026-08-14 22:02:10,770 [INFO] core.hand_detector: HandDetector closed
2026-08-14 22:02:10,788 [INFO] database.db_manager: Database connection closed successfully.
2026-08-14 22:02:10,993 [INFO] __main__: Application shutdown
2026-08-14 22:02:18,015 [INFO] __main__: Starting Gesture AI — Hand Gesture Control System v1.0.0
2026-08-14 22:02:18,150 [INFO] database.db_manager: Database tables verified/created successfully.
2026-08-14 22:02:18,150 [INFO] database.db_manager: Database connection established successfully at F:\Gesture AI\gesture_ai.db
2026-08-14 22:02:18,151 [INFO] auth.auth_manager: AuthManager initialized
2026-08-14 22:02:18,184 [INFO] core.command_executor: Volume control initialized (pycaw)
2026-08-14 22:02:18,184 [INFO] core.command_executor: CommandExecutor initialized: pyautogui=True, volume=True, brightness=True, screen=1920x1080
2026-08-14 22:02:18,597 [INFO] __main__: GestureAIApp initialized
2026-08-14 22:02:26,767 [INFO] auth.auth_manager: User logged in: rudra
2026-08-14 22:02:27,345 [INFO] core.gesture_recognizer: Loaded ML model from F:\Gesture AI\models\gesture_model_1.joblib (1 gestures)
2026-08-14 22:02:27,345 [INFO] core.gesture_recognizer: GestureRecognizer initialized (user_id=1, ml_model=loaded)
2026-08-14 22:02:27,345 [INFO] training.gesture_trainer: GestureTrainer initialized for user 1
2026-08-14 22:02:27,345 [INFO] monitoring.performance_monitor: PerformanceMonitor initialized
2026-08-14 22:06:07,095 [INFO] database.db_manager: Database connection closed successfully.
2026-08-14 22:06:07,230 [INFO] __main__: Application shutdown
2026-08-14 22:06:12,600 [INFO] __main__: Starting Gesture AI — Hand Gesture Control System v1.0.0
2026-08-14 22:06:12,718 [INFO] database.db_manager: Database tables verified/created successfully.
2026-08-14 22:06:12,719 [INFO] database.db_manager: Database connection established successfully at F:\Gesture AI\gesture_ai.db
2026-08-14 22:06:12,719 [INFO] auth.auth_manager: AuthManager initialized
2026-08-14 22:06:12,743 [INFO] core.command_executor: Volume control initialized (pycaw)
2026-08-14 22:06:12,743 [INFO] core.command_executor: CommandExecutor initialized: pyautogui=True, volume=True, brightness=True, screen=1920x1080
2026-08-14 22:06:13,150 [INFO] __main__: GestureAIApp initialized
2026-08-14 22:06:21,226 [INFO] auth.auth_manager: User logged in: rudra
2026-08-14 22:06:21,819 [INFO] core.gesture_recognizer: Loaded ML model from F:\Gesture AI\models\gesture_model_1.joblib (1 gestures)
2026-08-14 22:06:21,819 [INFO] core.gesture_recognizer: GestureRecognizer initialized (user_id=1, ml_model=loaded)
2026-08-14 22:06:21,819 [INFO] training.gesture_trainer: GestureTrainer initialized for user 1
2026-08-14 22:06:21,819 [INFO] monitoring.performance_monitor: PerformanceMonitor initialized
2026-08-14 22:06:25,599 [INFO] training.gesture_trainer: Deleted 0 samples for 'Pinch'
2026-08-14 22:06:25,629 [INFO] core.gesture_recognizer: Loaded ML model from F:\Gesture AI\models\gesture_model_1.joblib (1 gestures)
2026-08-14 22:06:31,744 [INFO] training.gesture_trainer: Deleted 0 samples for 'Zoom In'
2026-08-14 22:06:31,777 [INFO] core.gesture_recognizer: Loaded ML model from F:\Gesture AI\models\gesture_model_1.joblib (1 gestures)
2026-08-14 22:06:33,057 [INFO] training.gesture_trainer: Deleted 0 samples for 'Zoom Out'
2026-08-14 22:06:33,098 [INFO] core.gesture_recognizer: Loaded ML model from F:\Gesture AI\models\gesture_model_1.joblib (1 gestures)
2026-08-14 22:06:34,649 [INFO] training.gesture_trainer: Deleted 0 samples for 'Swipe Up'
2026-08-14 22:06:34,680 [INFO] core.gesture_recognizer: Loaded ML model from F:\Gesture AI\models\gesture_model_1.joblib (1 gestures)
2026-08-14 22:06:37,823 [INFO] training.gesture_trainer: Deleted 0 samples for 'Swipe Right'
2026-08-14 22:06:37,854 [INFO] core.gesture_recognizer: Loaded ML model from F:\Gesture AI\models\gesture_model_1.joblib (1 gestures)
2026-08-14 22:06:40,492 [INFO] training.gesture_trainer: Deleted 0 samples for 'Swipe Left'
2026-08-14 22:06:40,522 [INFO] core.gesture_recognizer: Loaded ML model from F:\Gesture AI\models\gesture_model_1.joblib (1 gestures)
2026-08-14 22:06:42,078 [INFO] training.gesture_trainer: Deleted 0 samples for 'Swipe Down'
2026-08-14 22:06:42,107 [INFO] core.gesture_recognizer: Loaded ML model from F:\Gesture AI\models\gesture_model_1.joblib (1 gestures)
2026-08-14 22:06:43,718 [INFO] training.gesture_trainer: Deleted 0 samples for 'Point'
2026-08-14 22:06:43,749 [INFO] core.gesture_recognizer: Loaded ML model from F:\Gesture AI\models\gesture_model_1.joblib (1 gestures)
2026-08-14 22:06:51,261 [INFO] core.video_capture: VideoCapture configured: camera=0, resolution=1280x720, fps=30
2026-08-14 22:06:53,159 [INFO] core.video_capture: Camera opened: 1280x720 @ 30fps
2026-08-14 22:06:53,172 [INFO] core.hand_detector: HandDetector initialized: max_hands=2, det_conf=0.7, track_conf=0.5
2026-08-14 22:06:53,172 [INFO] monitoring.performance_monitor: PerformanceMonitor reset
2026-08-14 22:06:53,809 [INFO] core.command_executor: Recognition PAUSED
2026-08-14 22:06:54,693 [INFO] core.command_executor: Recognition RESUMED
2026-08-14 22:07:20,189 [INFO] training.gesture_trainer: Deleted 0 samples for 'Thumbs Down'
2026-08-14 22:07:20,235 [INFO] core.gesture_recognizer: Loaded ML model from F:\Gesture AI\models\gesture_model_1.joblib (1 gestures)
2026-08-14 22:07:28,589 [INFO] core.video_capture: Camera released
2026-08-14 22:07:28,598 [INFO] core.hand_detector: HandDetector closed
2026-08-14 22:07:28,610 [INFO] database.db_manager: Database connection closed successfully.
2026-08-14 22:07:28,731 [INFO] __main__: Application shutdown
2026-08-14 22:07:33,758 [INFO] __main__: Starting Gesture AI — Hand Gesture Control System v1.0.0
2026-08-14 22:07:33,879 [INFO] database.db_manager: Database tables verified/created successfully.
2026-08-14 22:07:33,879 [INFO] database.db_manager: Database connection established successfully at F:\Gesture AI\gesture_ai.db
2026-08-14 22:07:33,879 [INFO] auth.auth_manager: AuthManager initialized
2026-08-14 22:07:33,915 [INFO] core.command_executor: Volume control initialized (pycaw)
2026-08-14 22:07:33,915 [INFO] core.command_executor: CommandExecutor initialized: pyautogui=True, volume=True, brightness=True, screen=1920x1080
2026-08-14 22:07:34,311 [INFO] __main__: GestureAIApp initialized
2026-08-14 22:07:42,828 [INFO] auth.auth_manager: User logged in: rudra
2026-08-14 22:07:43,390 [INFO] core.gesture_recognizer: Loaded ML model from F:\Gesture AI\models\gesture_model_1.joblib (1 gestures)
2026-08-14 22:07:43,390 [INFO] core.gesture_recognizer: GestureRecognizer initialized (user_id=1, ml_model=loaded)
2026-08-14 22:07:43,390 [INFO] training.gesture_trainer: GestureTrainer initialized for user 1
2026-08-14 22:07:43,390 [INFO] monitoring.performance_monitor: PerformanceMonitor initialized
2026-08-14 22:07:46,589 [INFO] core.video_capture: VideoCapture configured: camera=0, resolution=1280x720, fps=30
2026-08-14 22:07:48,331 [INFO] core.video_capture: Camera opened: 1280x720 @ 30fps
2026-08-14 22:07:48,341 [INFO] core.hand_detector: HandDetector initialized: max_hands=2, det_conf=0.7, track_conf=0.5
2026-08-14 22:07:48,341 [INFO] monitoring.performance_monitor: PerformanceMonitor reset
2026-08-14 22:07:49,549 [INFO] core.command_executor: Recognition PAUSED
2026-08-14 22:07:56,150 [INFO] core.command_executor: Recognition RESUMED
2026-08-14 22:07:56,310 [INFO] core.command_executor: Recognition PAUSED
2026-08-14 22:07:56,478 [INFO] core.command_executor: Recognition RESUMED
2026-08-14 22:08:00,566 [INFO] core.command_executor: Recognition PAUSED
2026-08-14 22:08:00,774 [INFO] core.command_executor: Recognition RESUMED
2026-08-14 22:08:10,066 [INFO] core.command_executor: Recognition PAUSED
2026-08-14 22:08:10,213 [INFO] core.command_executor: Recognition RESUMED
2026-08-14 22:08:11,325 [INFO] core.command_executor: Recognition PAUSED
2026-08-14 22:08:11,470 [INFO] core.command_executor: Recognition RESUMED
2026-08-14 22:08:12,480 [INFO] core.command_executor: Recognition PAUSED
2026-08-14 22:08:12,649 [INFO] core.command_executor: Recognition RESUMED
2026-08-14 22:08:12,856 [INFO] core.command_executor: Recognition PAUSED
2026-08-14 22:08:13,020 [INFO] core.command_executor: Recognition RESUMED
2026-08-14 22:08:15,689 [INFO] core.command_executor: Recognition PAUSED
2026-08-14 22:08:15,888 [INFO] core.command_executor: Recognition RESUMED
2026-08-14 22:08:16,046 [INFO] core.command_executor: Recognition PAUSED
2026-08-14 22:08:16,204 [INFO] core.command_executor: Recognition RESUMED
2026-08-14 22:08:16,398 [INFO] core.command_executor: Recognition PAUSED
2026-08-14 22:08:16,546 [INFO] core.command_executor: Recognition RESUMED
2026-08-14 22:08:16,706 [INFO] core.command_executor: Recognition PAUSED
2026-08-14 22:08:24,923 [INFO] core.command_executor: Recognition RESUMED
2026-08-14 22:08:25,074 [INFO] core.command_executor: Recognition PAUSED
2026-08-14 22:08:25,247 [INFO] core.command_executor: Recognition RESUMED
2026-08-14 22:08:56,322 [INFO] core.command_executor: Recognition PAUSED
2026-08-14 22:10:04,217 [INFO] core.command_executor: Recognition RESUMED
2026-08-14 22:10:04,369 [INFO] core.command_executor: Recognition PAUSED
2026-08-14 22:10:04,516 [INFO] core.command_executor: Recognition RESUMED
2026-08-14 22:10:04,663 [INFO] core.command_executor: Recognition PAUSED
2026-08-14 22:10:04,819 [INFO] core.command_executor: Recognition RESUMED
2026-08-14 22:10:04,975 [INFO] core.command_executor: Recognition PAUSED
2026-08-14 22:10:05,130 [INFO] core.command_executor: Recognition RESUMED
2026-08-14 22:10:05,284 [INFO] core.command_executor: Recognition PAUSED
2026-08-14 22:10:12,673 [INFO] core.command_executor: Recognition RESUMED
2026-08-14 22:10:12,873 [INFO] core.command_executor: Recognition PAUSED
2026-08-14 22:10:13,046 [INFO] core.command_executor: Recognition RESUMED
2026-08-14 22:10:13,214 [INFO] core.command_executor: Recognition PAUSED
2026-08-14 22:10:14,396 [INFO] core.command_executor: Recognition RESUMED
2026-08-14 22:10:25,557 [INFO] core.command_executor: Recognition PAUSED
2026-08-14 22:10:25,658 [INFO] core.command_executor: Recognition RESUMED
2026-08-14 22:10:25,776 [INFO] core.command_executor: Recognition PAUSED
2026-08-14 22:10:26,159 [INFO] core.command_executor: Recognition RESUMED
2026-08-14 22:10:27,095 [INFO] core.command_executor: Recognition PAUSED
2026-08-14 22:10:27,553 [INFO] core.command_executor: Recognition RESUMED
2026-08-14 22:10:37,834 [INFO] core.command_executor: Recognition PAUSED
2026-08-14 22:10:38,009 [INFO] core.command_executor: Recognition RESUMED
2026-08-14 22:10:40,602 [INFO] core.command_executor: Recognition PAUSED
2026-08-14 22:10:40,766 [INFO] core.command_executor: Recognition RESUMED
2026-08-14 22:10:40,947 [INFO] core.command_executor: Recognition PAUSED
2026-08-14 22:10:41,102 [INFO] core.command_executor: Recognition RESUMED
2026-08-14 22:10:41,400 [INFO] core.command_executor: Recognition PAUSED
2026-08-14 22:10:41,888 [INFO] core.command_executor: Recognition RESUMED
2026-08-14 22:10:44,955 [INFO] core.command_executor: Recognition PAUSED
2026-08-14 22:10:45,122 [INFO] core.command_executor: Recognition RESUMED
2026-08-14 22:10:52,289 [INFO] core.command_executor: Recognition PAUSED
2026-08-14 22:11:29,151 [INFO] core.command_executor: Recognition RESUMED
2026-08-14 22:11:47,244 [INFO] core.command_executor: Recognition PAUSED
2026-08-14 22:12:26,694 [INFO] core.command_executor: Recognition RESUMED
2026-08-14 22:12:26,893 [INFO] core.command_executor: Recognition PAUSED
2026-08-14 22:12:27,197 [INFO] core.command_executor: Recognition RESUMED
2026-08-14 22:12:27,950 [INFO] core.command_executor: Recognition PAUSED
2026-08-14 22:12:28,114 [INFO] core.command_executor: Recognition RESUMED
2026-08-14 22:12:28,301 [INFO] core.command_executor: Recognition PAUSED
2026-08-14 22:12:28,491 [INFO] core.command_executor: Recognition RESUMED
2026-08-14 22:12:28,693 [INFO] core.command_executor: Recognition PAUSED
2026-08-14 22:12:29,412 [INFO] core.command_executor: Recognition RESUMED
2026-08-14 22:12:57,618 [INFO] core.command_executor: Recognition PAUSED
2026-08-14 22:12:59,885 [INFO] core.command_executor: Recognition RESUMED
2026-08-14 22:13:00,307 [INFO] core.command_executor: Recognition PAUSED
2026-08-14 22:13:00,563 [INFO] core.command_executor: Recognition RESUMED
2026-08-14 22:13:00,808 [INFO] core.command_executor: Recognition PAUSED
2026-08-14 22:13:01,004 [INFO] core.command_executor: Recognition RESUMED
2026-08-14 22:13:01,213 [INFO] core.command_executor: Recognition PAUSED
2026-08-14 22:13:01,416 [INFO] core.command_executor: Recognition RESUMED
2026-08-14 22:13:01,687 [INFO] core.command_executor: Recognition PAUSED
2026-08-14 22:13:01,973 [INFO] core.command_executor: Recognition RESUMED
2026-08-14 22:13:02,182 [INFO] core.command_executor: Recognition PAUSED
2026-08-14 22:13:02,402 [INFO] core.command_executor: Recognition RESUMED
2026-08-14 22:13:02,665 [INFO] core.command_executor: Recognition PAUSED
2026-08-14 22:13:02,868 [INFO] core.command_executor: Recognition RESUMED
2026-08-14 22:13:04,966 [INFO] core.video_capture: Camera released
2026-08-14 22:13:04,976 [INFO] core.hand_detector: HandDetector closed
2026-08-14 22:13:04,984 [INFO] database.db_manager: Database connection closed successfully.
2026-08-14 22:13:05,109 [INFO] __main__: Application shutdown
2026-08-14 22:13:12,280 [INFO] __main__: Starting Gesture AI — Hand Gesture Control System v1.0.0
2026-08-14 22:13:12,406 [INFO] database.db_manager: Database tables verified/created successfully.
2026-08-14 22:13:12,406 [INFO] database.db_manager: Database connection established successfully at F:\Gesture AI\gesture_ai.db
2026-08-14 22:13:12,407 [INFO] auth.auth_manager: AuthManager initialized
2026-08-14 22:13:12,447 [INFO] core.command_executor: Volume control initialized (pycaw)
2026-08-14 22:13:12,447 [INFO] core.command_executor: CommandExecutor initialized: pyautogui=True, volume=True, brightness=True, screen=1920x1080
2026-08-14 22:13:12,938 [INFO] __main__: GestureAIApp initialized
2026-08-14 22:13:19,986 [INFO] auth.auth_manager: User logged in: rudra
2026-08-14 22:13:20,592 [INFO] core.gesture_recognizer: Loaded ML model from F:\Gesture AI\models\gesture_model_1.joblib (1 gestures)
2026-08-14 22:13:20,594 [INFO] core.gesture_recognizer: GestureRecognizer initialized (user_id=1, ml_model=loaded)
2026-08-14 22:13:20,594 [INFO] training.gesture_trainer: GestureTrainer initialized for user 1
2026-08-14 22:13:20,594 [INFO] monitoring.performance_monitor: PerformanceMonitor initialized
2026-08-14 22:13:22,972 [INFO] core.video_capture: VideoCapture configured: camera=0, resolution=1280x720, fps=30
2026-08-14 22:13:24,786 [INFO] core.video_capture: Camera opened: 1280x720 @ 30fps
2026-08-14 22:13:24,795 [INFO] core.hand_detector: HandDetector initialized: max_hands=2, det_conf=0.7, track_conf=0.5
2026-08-14 22:13:24,795 [INFO] monitoring.performance_monitor: PerformanceMonitor reset
2026-08-14 22:13:40,190 [INFO] core.command_executor: Recognition PAUSED
2026-08-14 22:13:40,973 [INFO] core.command_executor: Recognition RESUMED
2026-08-14 22:13:41,170 [INFO] core.command_executor: Recognition PAUSED
2026-08-14 22:13:41,330 [INFO] core.command_executor: Recognition RESUMED
2026-08-14 22:14:02,741 [INFO] core.command_executor: Recognition PAUSED
2026-08-14 22:14:02,899 [INFO] core.command_executor: Recognition RESUMED
2026-08-14 22:14:03,562 [INFO] core.command_executor: Recognition PAUSED
2026-08-14 22:14:04,182 [INFO] core.command_executor: Recognition RESUMED
2026-08-14 22:14:04,283 [INFO] core.command_executor: Recognition PAUSED
2026-08-14 22:14:04,419 [INFO] core.command_executor: Recognition RESUMED
2026-08-14 22:14:07,814 [INFO] core.command_executor: Recognition PAUSED
2026-08-14 22:14:14,921 [INFO] core.command_executor: Recognition RESUMED
2026-08-14 22:14:17,491 [INFO] core.command_executor: Recognition PAUSED
2026-08-14 22:14:17,738 [INFO] core.command_executor: Recognition RESUMED
2026-08-14 22:14:17,890 [INFO] core.command_executor: Recognition PAUSED
2026-08-14 22:14:18,146 [INFO] core.command_executor: Recognition RESUMED
2026-08-14 22:14:18,250 [INFO] core.command_executor: Recognition PAUSED
2026-08-14 22:14:18,351 [INFO] core.command_executor: Recognition RESUMED
2026-08-14 22:14:18,573 [INFO] core.command_executor: Recognition PAUSED
2026-08-14 22:14:18,796 [INFO] core.command_executor: Recognition RESUMED
2026-08-14 22:14:18,993 [INFO] core.command_executor: Recognition PAUSED
2026-08-14 22:14:19,140 [INFO] core.command_executor: Recognition RESUMED
2026-08-14 22:14:19,292 [INFO] core.command_executor: Recognition PAUSED
2026-08-14 22:14:19,541 [INFO] core.command_executor: Recognition RESUMED
2026-08-14 22:14:20,172 [INFO] core.command_executor: Recognition PAUSED
2026-08-14 22:14:20,556 [INFO] core.command_executor: Recognition RESUMED
2026-08-14 22:14:21,017 [INFO] core.command_executor: Recognition PAUSED
2026-08-14 22:14:21,268 [INFO] core.command_executor: Recognition RESUMED
2026-08-14 22:14:21,432 [INFO] core.command_executor: Recognition PAUSED
2026-08-14 22:14:23,086 [INFO] core.command_executor: Recognition RESUMED
2026-08-14 22:14:23,237 [INFO] core.command_executor: Recognition PAUSED
2026-08-14 22:15:41,170 [INFO] core.command_executor: Recognition RESUMED
2026-08-14 22:15:41,335 [INFO] core.command_executor: Recognition PAUSED
2026-08-14 22:15:56,962 [INFO] core.command_executor: Recognition RESUMED
2026-08-14 22:15:57,125 [INFO] core.command_executor: Recognition PAUSED
2026-08-14 22:16:08,260 [INFO] core.command_executor: Recognition RESUMED
2026-08-14 22:16:08,415 [INFO] core.command_executor: Recognition PAUSED
2026-08-14 22:16:08,723 [INFO] core.command_executor: Recognition RESUMED
2026-08-14 22:16:14,738 [INFO] core.command_executor: Recognition PAUSED
2026-08-14 22:16:15,352 [INFO] core.command_executor: Recognition RESUMED
2026-08-14 22:16:15,772 [INFO] core.command_executor: Recognition PAUSED
2026-08-14 22:16:17,406 [INFO] core.command_executor: Recognition RESUMED
2026-08-14 22:16:23,816 [INFO] core.command_executor: Recognition PAUSED
2026-08-14 22:16:29,997 [INFO] core.command_executor: Recognition RESUMED
2026-08-14 22:16:42,093 [INFO] core.command_executor: Recognition PAUSED
2026-08-14 22:16:42,493 [INFO] core.command_executor: Recognition RESUMED
2026-08-14 22:16:42,796 [INFO] core.command_executor: Recognition PAUSED
2026-08-14 22:16:44,657 [INFO] core.command_executor: Recognition RESUMED
2026-08-14 22:16:45,015 [INFO] core.command_executor: Recognition PAUSED
2026-08-14 22:16:45,134 [INFO] core.command_executor: Recognition RESUMED
2026-08-14 22:16:45,271 [INFO] core.command_executor: Recognition PAUSED
2026-08-14 22:16:45,442 [INFO] core.command_executor: Recognition RESUMED
2026-08-14 22:16:45,550 [INFO] core.command_executor: Recognition PAUSED
2026-08-14 22:16:46,835 [INFO] core.command_executor: Recognition RESUMED
2026-08-14 22:16:46,950 [INFO] core.command_executor: Recognition PAUSED
2026-08-14 22:16:48,269 [INFO] core.command_executor: Recognition RESUMED
2026-08-14 22:16:48,381 [INFO] core.command_executor: Recognition PAUSED
2026-08-14 22:16:48,498 [INFO] core.command_executor: Recognition RESUMED
2026-08-14 22:16:48,754 [INFO] core.command_executor: Recognition PAUSED
2026-08-14 22:16:50,198 [INFO] core.command_executor: Recognition RESUMED
2026-08-14 22:16:50,481 [INFO] core.command_executor: Recognition PAUSED
2026-08-14 22:16:50,629 [INFO] core.command_executor: Recognition RESUMED
2026-08-14 22:16:50,787 [INFO] core.command_executor: Recognition PAUSED
2026-08-14 22:16:50,958 [INFO] core.command_executor: Recognition RESUMED
2026-08-14 22:16:51,119 [INFO] core.command_executor: Recognition PAUSED
2026-08-14 22:16:51,289 [INFO] core.command_executor: Recognition RESUMED
2026-08-14 22:16:58,859 [INFO] core.command_executor: Recognition PAUSED
2026-08-14 22:16:59,770 [INFO] core.command_executor: Recognition RESUMED
2026-08-14 22:17:05,561 [INFO] core.command_executor: Recognition PAUSED
2026-08-14 22:17:05,730 [INFO] core.command_executor: Recognition RESUMED
2026-08-14 22:17:05,903 [INFO] core.command_executor: Recognition PAUSED
2026-08-14 22:17:06,173 [INFO] core.command_executor: Recognition RESUMED
2026-08-14 22:17:06,357 [INFO] core.command_executor: Recognition PAUSED
2026-08-14 22:17:06,643 [INFO] core.command_executor: Recognition RESUMED
2026-08-14 22:17:06,916 [INFO] core.command_executor: Recognition PAUSED
2026-08-14 22:17:07,089 [INFO] core.command_executor: Recognition RESUMED
2026-08-14 22:19:33,249 [INFO] core.video_capture: Camera released
2026-08-14 22:19:33,257 [INFO] core.hand_detector: HandDetector closed
2026-08-14 22:19:33,265 [INFO] database.db_manager: Database connection closed successfully.
2026-08-14 22:19:33,438 [INFO] __main__: Application shutdown
2026-08-14 22:19:38,709 [INFO] __main__: Starting Gesture AI — Hand Gesture Control System v1.0.0
2026-08-14 22:19:38,836 [INFO] database.db_manager: Database tables verified/created successfully.
2026-08-14 22:19:38,836 [INFO] database.db_manager: Database connection established successfully at F:\Gesture AI\gesture_ai.db
2026-08-14 22:19:38,837 [INFO] auth.auth_manager: AuthManager initialized
2026-08-14 22:19:38,875 [INFO] core.command_executor: Volume control initialized (pycaw)
2026-08-14 22:19:38,876 [INFO] core.command_executor: CommandExecutor initialized: pyautogui=True, volume=True, brightness=True, screen=1920x1080
2026-08-14 22:19:39,293 [INFO] __main__: GestureAIApp initialized
2026-08-14 22:20:09,454 [INFO] auth.auth_manager: User logged in: rudra
2026-08-14 22:20:10,032 [INFO] core.gesture_recognizer: Loaded ML model from F:\Gesture AI\models\gesture_model_1.joblib (1 gestures)
2026-08-14 22:20:10,032 [INFO] core.gesture_recognizer: GestureRecognizer initialized (user_id=1, ml_model=loaded)
2026-08-14 22:20:10,032 [INFO] training.gesture_trainer: GestureTrainer initialized for user 1
2026-08-14 22:20:10,032 [INFO] monitoring.performance_monitor: PerformanceMonitor initialized
2026-08-14 22:20:13,076 [INFO] core.video_capture: VideoCapture configured: camera=0, resolution=1280x720, fps=30
2026-08-14 22:20:15,079 [INFO] core.video_capture: Camera opened: 1280x720 @ 30fps
2026-08-14 22:20:15,089 [INFO] core.hand_detector: HandDetector initialized: max_hands=2, det_conf=0.7, track_conf=0.5
2026-08-14 22:20:15,090 [INFO] monitoring.performance_monitor: PerformanceMonitor reset
2026-08-14 22:20:21,112 [INFO] core.command_executor: Recognition PAUSED
2026-08-14 22:20:21,279 [INFO] core.command_executor: Recognition RESUMED
2026-08-14 22:20:21,434 [INFO] core.command_executor: Recognition PAUSED
2026-08-14 22:20:21,586 [INFO] core.command_executor: Recognition RESUMED
2026-08-14 22:20:21,735 [INFO] core.command_executor: Recognition PAUSED
2026-08-14 22:20:21,891 [INFO] core.command_executor: Recognition RESUMED
2026-08-14 22:20:22,062 [INFO] core.command_executor: Recognition PAUSED
2026-08-14 22:20:22,217 [INFO] core.command_executor: Recognition RESUMED
2026-08-14 22:20:22,369 [INFO] core.command_executor: Recognition PAUSED
2026-08-14 22:20:22,515 [INFO] core.command_executor: Recognition RESUMED
2026-08-14 22:20:22,669 [INFO] core.command_executor: Recognition PAUSED
2026-08-14 22:20:22,825 [INFO] core.command_executor: Recognition RESUMED
2026-08-14 22:21:15,530 [INFO] core.command_executor: Recognition PAUSED
2026-08-14 22:21:17,775 [INFO] training.gesture_trainer: Deleted 1008 samples for 'one finger'
2026-08-14 22:21:17,777 [INFO] training.gesture_trainer: Model deleted: F:\Gesture AI\models\gesture_model_1.joblib
2026-08-14 22:21:25,128 [INFO] core.command_executor: Recognition RESUMED
2026-08-14 22:22:26,149 [INFO] training.gesture_trainer: Loaded 609 samples across 1 gestures
2026-08-14 22:22:26,153 [INFO] training.gesture_trainer: Training set: 487, Test set: 122
2026-08-14 22:22:26,470 [INFO] training.gesture_trainer: RandomForest accuracy: 1.0000
2026-08-14 22:22:26,598 [INFO] training.gesture_trainer: MLP accuracy: 1.0000
2026-08-14 22:22:26,723 [INFO] training.gesture_trainer: Best model (RandomForest) saved to F:\Gesture AI\models\gesture_model_1.joblib
2026-08-14 22:22:26,818 [INFO] core.gesture_recognizer: Loaded ML model from F:\Gesture AI\models\gesture_model_1.joblib (1 gestures)
2026-08-14 22:22:34,001 [INFO] core.command_executor: Recognition PAUSED
2026-08-14 22:22:37,229 [INFO] core.command_executor: Recognition RESUMED
2026-08-14 22:22:37,321 [INFO] core.command_executor: Recognition PAUSED
2026-08-14 22:22:38,510 [INFO] core.command_executor: Recognition RESUMED
2026-08-14 22:22:38,645 [INFO] core.command_executor: Recognition PAUSED
2026-08-14 22:22:38,807 [INFO] core.command_executor: Recognition RESUMED
2026-08-14 22:23:11,257 [INFO] core.command_executor: Recognition PAUSED
2026-08-14 22:23:11,407 [INFO] core.command_executor: Recognition RESUMED
2026-08-14 22:23:12,361 [INFO] core.command_executor: Recognition PAUSED
2026-08-14 22:23:13,174 [INFO] core.command_executor: Recognition RESUMED
2026-08-14 22:23:37,272 [INFO] core.command_executor: Recognition PAUSED
2026-08-14 22:23:37,576 [INFO] core.command_executor: Recognition RESUMED
2026-08-14 22:23:44,266 [INFO] core.command_executor: Recognition PAUSED
2026-08-14 22:23:44,422 [INFO] core.command_executor: Recognition RESUMED
2026-08-14 22:23:44,643 [INFO] core.command_executor: Recognition PAUSED
2026-08-14 22:23:44,797 [INFO] core.command_executor: Recognition RESUMED
2026-08-14 22:23:44,997 [INFO] core.command_executor: Recognition PAUSED
2026-08-14 22:23:46,769 [INFO] core.command_executor: Recognition RESUMED
2026-08-14 22:23:46,976 [INFO] core.command_executor: Recognition PAUSED
2026-08-14 22:23:48,129 [INFO] core.command_executor: Recognition RESUMED
2026-08-14 22:23:48,419 [INFO] core.command_executor: Recognition PAUSED
2026-08-14 22:23:49,573 [INFO] core.command_executor: Recognition RESUMED
2026-08-14 22:23:52,527 [INFO] core.command_executor: Recognition PAUSED
2026-08-14 22:23:53,712 [INFO] core.command_executor: Recognition RESUMED
2026-08-14 22:23:53,876 [INFO] core.command_executor: Recognition PAUSED
2026-08-14 22:23:54,885 [INFO] core.command_executor: Recognition RESUMED
2026-08-14 22:23:55,044 [INFO] core.command_executor: Recognition PAUSED
2026-08-14 22:23:55,209 [INFO] core.command_executor: Recognition RESUMED
2026-08-14 22:24:13,445 [INFO] core.command_executor: Recognition PAUSED
2026-08-14 22:24:15,632 [INFO] core.command_executor: Recognition RESUMED
2026-08-14 22:24:22,179 [INFO] core.command_executor: Recognition PAUSED
2026-08-14 22:24:22,372 [INFO] core.command_executor: Recognition RESUMED
2026-08-14 22:24:22,673 [INFO] core.command_executor: Recognition PAUSED
2026-08-14 22:24:22,873 [INFO] core.command_executor: Recognition RESUMED
2026-08-14 22:24:23,060 [INFO] core.command_executor: Recognition PAUSED
2026-08-14 22:24:23,255 [INFO] core.command_executor: Recognition RESUMED
2026-08-14 22:24:23,602 [INFO] core.command_executor: Recognition PAUSED
2026-08-14 22:24:23,823 [INFO] core.command_executor: Recognition RESUMED
2026-08-14 22:24:24,066 [INFO] core.command_executor: Recognition PAUSED
2026-08-14 22:24:24,314 [INFO] core.command_executor: Recognition RESUMED
2026-08-14 22:24:24,530 [INFO] core.command_executor: Recognition PAUSED
2026-08-14 22:24:25,173 [INFO] core.command_executor: Recognition RESUMED
2026-08-14 22:24:26,990 [INFO] core.command_executor: Recognition PAUSED
2026-08-14 22:24:30,229 [INFO] core.command_executor: Recognition RESUMED
2026-08-14 22:24:31,315 [INFO] core.command_executor: Recognition PAUSED
2026-08-14 22:24:31,521 [INFO] core.command_executor: Recognition RESUMED
2026-08-14 22:24:32,922 [INFO] core.command_executor: Recognition PAUSED
2026-08-14 22:24:33,073 [INFO] core.command_executor: Recognition RESUMED
2026-08-14 22:24:33,249 [INFO] core.command_executor: Recognition PAUSED
2026-08-14 22:24:33,436 [INFO] core.command_executor: Recognition RESUMED
2026-08-14 22:24:33,614 [INFO] core.command_executor: Recognition PAUSED
2026-08-14 22:24:33,807 [INFO] core.command_executor: Recognition RESUMED
2026-08-14 22:24:35,045 [INFO] core.command_executor: Recognition PAUSED
2026-08-14 22:24:35,239 [INFO] core.command_executor: Recognition RESUMED
2026-08-14 22:24:35,472 [INFO] core.command_executor: Recognition PAUSED
2026-08-14 22:24:35,684 [INFO] core.command_executor: Recognition RESUMED
2026-08-14 22:24:35,856 [INFO] core.command_executor: Recognition PAUSED
2026-08-14 22:24:41,616 [INFO] core.command_executor: Recognition RESUMED
2026-08-14 22:24:41,835 [INFO] core.command_executor: Recognition PAUSED
2026-08-14 22:24:43,890 [INFO] core.command_executor: Recognition RESUMED
2026-08-14 22:24:44,167 [INFO] core.command_executor: Recognition PAUSED
2026-08-14 22:24:45,244 [INFO] core.command_executor: Recognition RESUMED
2026-08-14 22:24:45,496 [INFO] core.command_executor: Recognition PAUSED
2026-08-14 22:24:45,684 [INFO] core.command_executor: Recognition RESUMED
2026-08-14 22:24:45,877 [INFO] core.command_executor: Recognition PAUSED
2026-08-14 22:24:46,075 [INFO] core.command_executor: Recognition RESUMED
2026-08-14 22:24:46,291 [INFO] core.command_executor: Recognition PAUSED
2026-08-14 22:24:46,512 [INFO] core.command_executor: Recognition RESUMED
2026-08-14 22:24:46,710 [INFO] core.command_executor: Recognition PAUSED
2026-08-14 22:24:46,902 [INFO] core.command_executor: Recognition RESUMED
2026-08-14 22:25:37,023 [INFO] training.gesture_trainer: Deleted 0 samples for 'Fist'
2026-08-14 22:25:37,070 [INFO] training.gesture_trainer: Loaded 609 samples across 1 gestures
2026-08-14 22:25:37,075 [INFO] training.gesture_trainer: Training set: 487, Test set: 122
2026-08-14 22:25:37,391 [INFO] training.gesture_trainer: RandomForest accuracy: 1.0000
2026-08-14 22:25:37,473 [INFO] training.gesture_trainer: MLP accuracy: 1.0000
2026-08-14 22:25:37,565 [INFO] training.gesture_trainer: Best model (RandomForest) saved to F:\Gesture AI\models\gesture_model_1.joblib
2026-08-14 22:25:37,619 [INFO] core.gesture_recognizer: Loaded ML model from F:\Gesture AI\models\gesture_model_1.joblib (1 gestures)
2026-08-14 22:25:37,953 [INFO] training.gesture_trainer: Deleted 0 samples for 'Open Palm'
2026-08-14 22:25:37,984 [INFO] training.gesture_trainer: Loaded 609 samples across 1 gestures
2026-08-14 22:25:37,986 [INFO] training.gesture_trainer: Training set: 487, Test set: 122
2026-08-14 22:25:38,236 [INFO] training.gesture_trainer: RandomForest accuracy: 1.0000
2026-08-14 22:25:38,315 [INFO] training.gesture_trainer: MLP accuracy: 1.0000
2026-08-14 22:25:38,394 [INFO] training.gesture_trainer: Best model (RandomForest) saved to F:\Gesture AI\models\gesture_model_1.joblib
2026-08-14 22:25:38,443 [INFO] core.gesture_recognizer: Loaded ML model from F:\Gesture AI\models\gesture_model_1.joblib (1 gestures)
2026-08-14 22:25:39,562 [INFO] training.gesture_trainer: Deleted 0 samples for 'Peace'
2026-08-14 22:25:39,588 [INFO] training.gesture_trainer: Loaded 609 samples across 1 gestures
2026-08-14 22:25:39,591 [INFO] training.gesture_trainer: Training set: 487, Test set: 122
2026-08-14 22:25:39,832 [INFO] training.gesture_trainer: RandomForest accuracy: 1.0000
2026-08-14 22:25:39,905 [INFO] training.gesture_trainer: MLP accuracy: 1.0000
2026-08-14 22:25:39,982 [INFO] training.gesture_trainer: Best model (RandomForest) saved to F:\Gesture AI\models\gesture_model_1.joblib
2026-08-14 22:25:40,031 [INFO] core.gesture_recognizer: Loaded ML model from F:\Gesture AI\models\gesture_model_1.joblib (1 gestures)
2026-08-14 22:25:40,267 [INFO] training.gesture_trainer: Deleted 0 samples for 'Thumbs Up'
2026-08-14 22:25:40,300 [INFO] training.gesture_trainer: Loaded 609 samples across 1 gestures
2026-08-14 22:25:40,302 [INFO] training.gesture_trainer: Training set: 487, Test set: 122
2026-08-14 22:25:40,535 [INFO] training.gesture_trainer: RandomForest accuracy: 1.0000
2026-08-14 22:25:40,626 [INFO] training.gesture_trainer: MLP accuracy: 1.0000
2026-08-14 22:25:40,713 [INFO] training.gesture_trainer: Best model (RandomForest) saved to F:\Gesture AI\models\gesture_model_1.joblib
2026-08-14 22:25:40,763 [INFO] core.gesture_recognizer: Loaded ML model from F:\Gesture AI\models\gesture_model_1.joblib (1 gestures)
2026-08-14 22:25:40,968 [INFO] training.gesture_trainer: Deleted 609 samples for 'thumbs Down'
2026-08-14 22:25:40,970 [INFO] training.gesture_trainer: Model deleted: F:\Gesture AI\models\gesture_model_1.joblib
2026-08-14 22:25:41,700 [INFO] training.gesture_trainer: Deleted 0 samples for 'Open Palm'
2026-08-14 22:25:42,509 [INFO] training.gesture_trainer: Deleted 0 samples for 'Open Palm'
2026-08-14 22:25:43,237 [INFO] training.gesture_trainer: Deleted 0 samples for 'Open Palm'
2026-08-14 22:25:43,990 [INFO] training.gesture_trainer: Deleted 0 samples for 'Open Palm'
2026-08-14 22:25:44,755 [INFO] training.gesture_trainer: Deleted 0 samples for 'Open Palm'
2026-08-14 22:25:45,566 [INFO] training.gesture_trainer: Deleted 0 samples for 'Open Palm'
2026-08-14 22:25:46,306 [INFO] training.gesture_trainer: Deleted 0 samples for 'Open Palm'
2026-08-14 22:25:47,033 [INFO] training.gesture_trainer: Deleted 0 samples for 'Open Palm'
2026-08-14 22:25:47,953 [INFO] training.gesture_trainer: Deleted 0 samples for 'Open Palm'
2026-08-14 22:25:48,672 [INFO] training.gesture_trainer: Deleted 0 samples for 'Open Palm'
2026-08-14 22:25:49,402 [INFO] training.gesture_trainer: Deleted 0 samples for 'Open Palm'
2026-08-14 22:25:50,202 [INFO] training.gesture_trainer: Deleted 0 samples for 'Open Palm'
2026-08-14 22:25:51,053 [INFO] training.gesture_trainer: Deleted 0 samples for 'Open Palm'
2026-08-14 22:25:51,378 [INFO] core.command_executor: Recognition PAUSED
2026-08-14 22:25:51,506 [INFO] core.command_executor: Recognition RESUMED
2026-08-14 22:25:51,997 [INFO] training.gesture_trainer: Deleted 0 samples for 'Open Palm'
2026-08-14 22:25:52,082 [INFO] core.command_executor: Recognition PAUSED
2026-08-14 22:25:53,001 [INFO] training.gesture_trainer: Deleted 0 samples for 'Open Palm'
2026-08-14 22:25:53,948 [INFO] training.gesture_trainer: Deleted 0 samples for 'Open Palm'
2026-08-14 22:25:55,180 [INFO] training.gesture_trainer: Deleted 0 samples for 'Open Palm'
2026-08-14 22:25:55,978 [INFO] training.gesture_trainer: Deleted 0 samples for 'Open Palm'
2026-08-14 22:25:56,668 [INFO] training.gesture_trainer: Deleted 0 samples for 'Open Palm'
2026-08-14 22:25:57,440 [INFO] training.gesture_trainer: Deleted 0 samples for 'Open Palm'
2026-08-14 22:25:58,228 [INFO] training.gesture_trainer: Deleted 0 samples for 'Open Palm'
2026-08-14 22:25:59,076 [INFO] training.gesture_trainer: Deleted 0 samples for 'Open Palm'
2026-08-14 22:25:59,882 [INFO] training.gesture_trainer: Deleted 0 samples for 'Open Palm'
2026-08-14 22:26:00,763 [INFO] training.gesture_trainer: Deleted 0 samples for 'Open Palm'
2026-08-14 22:26:01,460 [INFO] training.gesture_trainer: Deleted 0 samples for 'Open Palm'
2026-08-14 22:26:02,170 [INFO] training.gesture_trainer: Deleted 0 samples for 'Open Palm'
2026-08-14 22:26:02,892 [INFO] training.gesture_trainer: Deleted 0 samples for 'Open Palm'
2026-08-14 22:26:03,710 [INFO] training.gesture_trainer: Deleted 0 samples for 'Open Palm'
2026-08-14 22:26:04,448 [INFO] training.gesture_trainer: Deleted 0 samples for 'Open Palm'
2026-08-14 22:26:05,236 [INFO] training.gesture_trainer: Deleted 0 samples for 'Open Palm'
2026-08-14 22:26:06,023 [INFO] training.gesture_trainer: Deleted 0 samples for 'Open Palm'
2026-08-14 22:26:06,735 [INFO] training.gesture_trainer: Deleted 0 samples for 'Open Palm'
2026-08-14 22:26:07,456 [INFO] training.gesture_trainer: Deleted 0 samples for 'Open Palm'
2026-08-14 22:26:08,161 [INFO] training.gesture_trainer: Deleted 0 samples for 'Open Palm'
2026-08-14 22:26:09,070 [INFO] training.gesture_trainer: Deleted 0 samples for 'Open Palm'
2026-08-14 22:26:09,871 [INFO] training.gesture_trainer: Deleted 0 samples for 'Open Palm'
2026-08-14 22:26:10,641 [INFO] training.gesture_trainer: Deleted 0 samples for 'Open Palm'
2026-08-14 22:26:11,476 [INFO] training.gesture_trainer: Deleted 0 samples for 'Open Palm'
2026-08-14 22:26:12,220 [INFO] training.gesture_trainer: Deleted 0 samples for 'Open Palm'
2026-08-14 22:26:13,030 [INFO] training.gesture_trainer: Deleted 0 samples for 'Open Palm'
2026-08-14 22:27:43,193 [INFO] __main__: Starting Gesture AI — Hand Gesture Control System v1.0.0
2026-08-14 22:27:43,320 [INFO] database.db_manager: Database tables verified/created successfully.
2026-08-14 22:27:43,320 [INFO] database.db_manager: Database connection established successfully at F:\Gesture AI\gesture_ai.db
2026-08-14 22:27:43,320 [INFO] auth.auth_manager: AuthManager initialized
2026-08-14 22:27:43,356 [INFO] core.command_executor: Volume control initialized (pycaw)
2026-08-14 22:27:43,356 [INFO] core.command_executor: CommandExecutor initialized: pyautogui=True, volume=True, brightness=True, screen=1920x1080
2026-08-14 22:27:43,807 [INFO] __main__: GestureAIApp initialized
2026-08-14 22:27:50,363 [INFO] auth.auth_manager: User logged in: rudra
2026-08-14 22:27:50,939 [INFO] core.gesture_recognizer: GestureRecognizer initialized (user_id=1, ml_model=none)
2026-08-14 22:27:50,939 [INFO] training.gesture_trainer: GestureTrainer initialized for user 1
2026-08-14 22:27:50,939 [INFO] monitoring.performance_monitor: PerformanceMonitor initialized
2026-08-14 22:27:53,988 [INFO] training.gesture_trainer: Deleted 0 samples for 'Open Palm'
2026-08-14 22:27:55,338 [INFO] training.gesture_trainer: Deleted 0 samples for 'Fist'
2026-08-14 22:27:56,489 [INFO] training.gesture_trainer: Deleted 0 samples for 'Fist'
2026-08-14 22:28:01,095 [INFO] training.gesture_trainer: Deleted 0 samples for 'Fist'
2026-08-14 22:28:05,307 [INFO] training.gesture_trainer: Deleted 0 samples for 'Swipe Left'
2026-08-14 22:28:07,555 [INFO] training.gesture_trainer: Deleted 0 samples for 'Open Palm'
2026-08-14 22:28:13,601 [INFO] training.gesture_trainer: Deleted 0 samples for 'Swipe Right'
2026-08-14 22:28:15,187 [INFO] training.gesture_trainer: Deleted 0 samples for 'Swipe Right'
2026-08-14 22:28:48,783 [INFO] core.video_capture: VideoCapture configured: camera=0, resolution=1280x720, fps=30
2026-08-14 22:28:50,778 [INFO] core.video_capture: Camera opened: 1280x720 @ 30fps
2026-08-14 22:28:50,788 [INFO] core.hand_detector: HandDetector initialized: max_hands=2, det_conf=0.7, track_conf=0.5
2026-08-14 22:28:50,788 [INFO] monitoring.performance_monitor: PerformanceMonitor reset
2026-08-14 22:28:52,917 [WARNING] screen_brightness_control.windows: exception parsing edid str for DISPLAY\AUO25ED\4&103e08ff&0&UID265988_0 - EDIDParseError: parsed EDID returned invalid display name
2026-08-14 22:29:40,554 [INFO] training.gesture_trainer: Loaded 503 samples across 1 gestures
2026-08-14 22:29:40,561 [INFO] training.gesture_trainer: Training set: 402, Test set: 101
2026-08-14 22:29:40,857 [INFO] training.gesture_trainer: RandomForest accuracy: 1.0000
2026-08-14 22:29:40,937 [INFO] training.gesture_trainer: MLP accuracy: 1.0000
2026-08-14 22:29:41,038 [INFO] training.gesture_trainer: Best model (RandomForest) saved to F:\Gesture AI\models\gesture_model_1.joblib
2026-08-14 22:29:41,110 [INFO] core.gesture_recognizer: Loaded ML model from F:\Gesture AI\models\gesture_model_1.joblib (1 gestures)
2026-08-14 22:30:47,956 [INFO] training.gesture_trainer: Loaded 1109 samples across 2 gestures
2026-08-14 22:30:47,963 [INFO] training.gesture_trainer: Training set: 887, Test set: 222
2026-08-14 22:30:48,380 [INFO] training.gesture_trainer: RandomForest accuracy: 1.0000
2026-08-14 22:30:48,611 [INFO] training.gesture_trainer: MLP accuracy: 0.9910
2026-08-14 22:30:48,732 [INFO] training.gesture_trainer: Best model (RandomForest) saved to F:\Gesture AI\models\gesture_model_1.joblib
2026-08-14 22:30:48,815 [INFO] core.gesture_recognizer: Loaded ML model from F:\Gesture AI\models\gesture_model_1.joblib (2 gestures)
2026-08-14 22:32:08,767 [INFO] training.gesture_trainer: Loaded 1714 samples across 3 gestures
2026-08-14 22:32:08,772 [INFO] training.gesture_trainer: Training set: 1371, Test set: 343
2026-08-14 22:32:09,204 [INFO] training.gesture_trainer: RandomForest accuracy: 0.9971
2026-08-14 22:32:09,514 [INFO] training.gesture_trainer: MLP accuracy: 0.9913
2026-08-14 22:32:09,660 [INFO] training.gesture_trainer: Best model (RandomForest) saved to F:\Gesture AI\models\gesture_model_1.joblib
2026-08-14 22:32:09,740 [INFO] core.gesture_recognizer: Loaded ML model from F:\Gesture AI\models\gesture_model_1.joblib (3 gestures)
2026-08-14 22:32:17,112 [INFO] core.command_executor: Recognition PAUSED
2026-08-14 22:32:17,290 [INFO] core.command_executor: Recognition RESUMED
2026-08-14 22:32:17,389 [INFO] core.command_executor: Recognition PAUSED
2026-08-14 22:32:17,531 [INFO] core.command_executor: Recognition RESUMED
2026-08-14 22:32:17,694 [INFO] core.command_executor: Recognition PAUSED
2026-08-14 22:32:17,877 [INFO] core.command_executor: Recognition RESUMED
2026-08-14 22:32:18,051 [INFO] core.command_executor: Recognition PAUSED
2026-08-14 22:32:18,227 [INFO] core.command_executor: Recognition RESUMED
2026-08-14 22:32:18,399 [INFO] core.command_executor: Recognition PAUSED
2026-08-14 22:32:18,574 [INFO] core.command_executor: Recognition RESUMED
2026-08-14 22:32:18,746 [INFO] core.command_executor: Recognition PAUSED
2026-08-14 22:32:19,902 [INFO] core.command_executor: Recognition RESUMED
2026-08-14 22:32:20,073 [INFO] core.command_executor: Recognition PAUSED
2026-08-14 22:32:26,633 [INFO] core.command_executor: Recognition RESUMED
2026-08-14 22:32:26,801 [INFO] core.command_executor: Recognition PAUSED
2026-08-14 22:32:26,975 [INFO] core.command_executor: Recognition RESUMED
2026-08-14 22:32:27,180 [INFO] core.command_executor: Recognition PAUSED
2026-08-14 22:32:28,128 [INFO] core.command_executor: Recognition RESUMED
2026-08-14 22:32:28,395 [INFO] core.command_executor: Recognition PAUSED
2026-08-14 22:32:28,605 [INFO] core.command_executor: Recognition RESUMED
2026-08-14 22:33:18,125 [INFO] core.command_executor: Recognition PAUSED
2026-08-14 22:33:18,306 [INFO] core.command_executor: Recognition RESUMED
2026-08-14 22:33:18,496 [INFO] core.command_executor: Recognition PAUSED
2026-08-14 22:33:18,670 [INFO] core.command_executor: Recognition RESUMED
2026-08-14 22:33:18,828 [INFO] core.command_executor: Recognition PAUSED
2026-08-14 22:33:19,063 [INFO] core.command_executor: Recognition RESUMED
2026-08-14 22:33:19,229 [INFO] core.command_executor: Recognition PAUSED
2026-08-14 22:33:19,446 [INFO] core.command_executor: Recognition RESUMED
2026-08-14 22:33:19,643 [INFO] core.command_executor: Recognition PAUSED
2026-08-14 22:33:19,852 [INFO] core.command_executor: Recognition RESUMED
2026-08-14 22:33:20,052 [INFO] core.command_executor: Recognition PAUSED
2026-08-14 22:33:20,227 [INFO] core.command_executor: Recognition RESUMED
2026-08-14 22:33:20,442 [INFO] core.command_executor: Recognition PAUSED
2026-08-14 22:33:21,661 [INFO] core.command_executor: Recognition RESUMED
2026-08-14 22:33:21,811 [INFO] core.command_executor: Recognition PAUSED
2026-08-14 22:33:21,930 [INFO] core.command_executor: Recognition RESUMED
2026-08-14 22:33:22,053 [INFO] core.command_executor: Recognition PAUSED
2026-08-14 22:33:22,145 [INFO] core.command_executor: Recognition RESUMED
2026-08-14 22:33:41,596 [INFO] core.command_executor: Recognition PAUSED
2026-08-14 22:33:41,852 [INFO] core.command_executor: Recognition RESUMED
2026-08-14 22:33:41,958 [INFO] core.command_executor: Recognition PAUSED
2026-08-14 22:33:46,385 [INFO] core.command_executor: Recognition RESUMED
2026-08-14 22:33:46,494 [INFO] core.command_executor: Recognition PAUSED
2026-08-14 22:33:46,612 [INFO] core.command_executor: Recognition RESUMED
2026-08-14 22:33:46,714 [INFO] core.command_executor: Recognition PAUSED
2026-08-14 22:33:46,791 [INFO] core.command_executor: Recognition RESUMED
2026-08-14 22:33:46,910 [INFO] core.command_executor: Recognition PAUSED
2026-08-14 22:33:47,024 [INFO] core.command_executor: Recognition RESUMED
2026-08-14 22:33:47,131 [INFO] core.command_executor: Recognition PAUSED
2026-08-14 22:33:47,222 [INFO] core.command_executor: Recognition RESUMED
2026-08-14 22:33:47,325 [INFO] core.command_executor: Recognition PAUSED
2026-08-14 22:33:47,446 [INFO] core.command_executor: Recognition RESUMED
2026-08-14 22:33:47,553 [INFO] core.command_executor: Recognition PAUSED
2026-08-14 22:33:47,637 [INFO] core.command_executor: Recognition RESUMED
2026-08-14 22:33:47,744 [INFO] core.command_executor: Recognition PAUSED
2026-08-14 22:33:47,860 [INFO] core.command_executor: Recognition RESUMED
2026-08-14 22:33:47,969 [INFO] core.command_executor: Recognition PAUSED
2026-08-14 22:33:59,527 [INFO] core.command_executor: Recognition RESUMED
2026-08-14 22:33:59,693 [INFO] core.command_executor: Recognition PAUSED
2026-08-14 22:33:59,821 [INFO] core.command_executor: Recognition RESUMED
2026-08-14 22:33:59,953 [INFO] core.command_executor: Recognition PAUSED
2026-08-14 22:34:00,104 [INFO] core.command_executor: Recognition RESUMED
2026-08-14 22:35:03,967 [INFO] training.gesture_trainer: Loaded 2320 samples across 4 gestures
2026-08-14 22:35:03,974 [INFO] training.gesture_trainer: Training set: 1856, Test set: 464
2026-08-14 22:35:04,447 [INFO] training.gesture_trainer: RandomForest accuracy: 1.0000
2026-08-14 22:35:04,958 [INFO] training.gesture_trainer: MLP accuracy: 0.9957
2026-08-14 22:35:05,132 [INFO] training.gesture_trainer: Best model (RandomForest) saved to F:\Gesture AI\models\gesture_model_1.joblib
2026-08-14 22:35:05,216 [INFO] core.gesture_recognizer: Loaded ML model from F:\Gesture AI\models\gesture_model_1.joblib (4 gestures)
2026-08-14 22:35:43,212 [INFO] core.command_executor: Recognition PAUSED
2026-08-14 22:35:43,436 [INFO] core.command_executor: Recognition RESUMED
2026-08-14 22:35:43,651 [INFO] core.command_executor: Recognition PAUSED
2026-08-14 22:35:45,675 [INFO] core.command_executor: Recognition RESUMED
2026-08-14 22:35:45,824 [INFO] core.command_executor: Recognition PAUSED
2026-08-14 22:35:46,016 [INFO] core.command_executor: Recognition RESUMED
2026-08-14 22:35:46,191 [INFO] core.command_executor: Recognition PAUSED
2026-08-14 22:35:46,404 [INFO] core.command_executor: Recognition RESUMED
2026-08-14 22:35:46,593 [INFO] core.command_executor: Recognition PAUSED
2026-08-14 22:35:46,763 [INFO] core.command_executor: Recognition RESUMED
2026-08-14 22:35:46,967 [INFO] core.command_executor: Recognition PAUSED
2026-08-14 22:35:47,307 [INFO] core.command_executor: Recognition RESUMED
2026-08-14 22:35:47,589 [INFO] core.command_executor: Recognition PAUSED
2026-08-14 22:35:47,827 [INFO] core.command_executor: Recognition RESUMED
2026-08-14 22:35:48,011 [INFO] core.command_executor: Recognition PAUSED
2026-08-14 22:35:48,190 [INFO] core.command_executor: Recognition RESUMED
2026-08-14 22:35:48,377 [INFO] core.command_executor: Recognition PAUSED
2026-08-14 22:35:48,554 [INFO] core.command_executor: Recognition RESUMED
2026-08-14 22:35:48,774 [INFO] core.command_executor: Recognition PAUSED
2026-08-14 22:35:52,390 [INFO] core.command_executor: Recognition RESUMED
2026-08-14 22:35:54,007 [INFO] core.command_executor: Recognition PAUSED
2026-08-14 22:35:54,686 [INFO] core.command_executor: Recognition RESUMED
2026-08-14 22:35:57,449 [INFO] core.command_executor: Recognition PAUSED
2026-08-14 22:35:57,599 [INFO] core.command_executor: Recognition RESUMED
2026-08-14 22:35:57,787 [INFO] core.command_executor: Recognition PAUSED
2026-08-14 22:35:57,966 [INFO] core.command_executor: Recognition RESUMED
2026-08-14 22:35:58,145 [INFO] core.command_executor: Recognition PAUSED
2026-08-14 22:35:58,332 [INFO] core.command_executor: Recognition RESUMED
2026-08-14 22:35:58,516 [INFO] core.command_executor: Recognition PAUSED
2026-08-14 22:35:58,683 [INFO] core.command_executor: Recognition RESUMED
2026-08-14 22:36:02,790 [INFO] core.command_executor: Recognition PAUSED
2026-08-14 22:36:02,971 [INFO] core.command_executor: Recognition RESUMED
2026-08-14 22:36:04,193 [INFO] core.command_executor: Recognition PAUSED
2026-08-14 22:36:04,338 [INFO] core.command_executor: Recognition RESUMED
2026-08-14 22:36:04,521 [INFO] core.command_executor: Recognition PAUSED
2026-08-14 22:36:04,698 [INFO] core.command_executor: Recognition RESUMED
2026-08-14 22:36:07,803 [INFO] core.command_executor: Recognition PAUSED
2026-08-14 22:36:07,938 [INFO] core.command_executor: Recognition RESUMED
2026-08-14 22:36:08,104 [INFO] core.command_executor: Recognition PAUSED
2026-08-14 22:36:08,283 [INFO] core.command_executor: Recognition RESUMED
2026-08-14 22:36:08,474 [INFO] core.command_executor: Recognition PAUSED
2026-08-14 22:36:08,642 [INFO] core.command_executor: Recognition RESUMED
2026-08-14 22:36:08,837 [INFO] core.command_executor: Recognition PAUSED
2026-08-14 22:36:09,004 [INFO] core.command_executor: Recognition RESUMED
2026-08-14 22:36:09,171 [INFO] core.command_executor: Recognition PAUSED
2026-08-14 22:36:09,354 [INFO] core.command_executor: Recognition RESUMED
2026-08-14 22:36:10,325 [INFO] core.command_executor: Recognition PAUSED
2026-08-14 22:36:10,538 [INFO] core.command_executor: Recognition RESUMED
2026-08-14 22:36:10,753 [INFO] core.command_executor: Recognition PAUSED
2026-08-14 22:41:47,133 [INFO] core.command_executor: Recognition RESUMED
2026-08-14 22:41:47,258 [INFO] core.command_executor: Recognition PAUSED
2026-08-14 22:41:47,377 [INFO] core.command_executor: Recognition RESUMED
2026-08-14 22:41:47,489 [INFO] core.command_executor: Recognition PAUSED
2026-08-14 22:41:47,579 [INFO] core.command_executor: Recognition RESUMED
2026-08-14 22:41:47,685 [INFO] core.command_executor: Recognition PAUSED
2026-08-14 22:41:47,793 [INFO] core.command_executor: Recognition RESUMED
2026-08-14 22:41:47,905 [INFO] core.command_executor: Recognition PAUSED
2026-08-14 22:41:47,998 [INFO] core.command_executor: Recognition RESUMED
2026-08-14 22:41:48,109 [INFO] core.command_executor: Recognition PAUSED
2026-08-14 22:41:50,323 [INFO] core.command_executor: Recognition RESUMED
2026-08-14 22:41:50,440 [INFO] core.command_executor: Recognition PAUSED
2026-08-14 22:41:50,640 [INFO] core.command_executor: Recognition RESUMED
2026-08-14 22:46:11,002 [INFO] core.video_capture: Camera released
2026-08-14 22:46:11,020 [INFO] core.hand_detector: HandDetector closed
2026-08-14 22:46:11,034 [INFO] database.db_manager: Database connection closed successfully.
2026-08-14 22:46:11,170 [INFO] __main__: Application shutdown
2026-08-15 21:11:50,708 [INFO] __main__: Starting Gesture AI — Hand Gesture Control System v1.0.0
2026-08-15 21:11:51,133 [INFO] database.db_manager: Database tables verified/created successfully.
2026-08-15 21:11:51,133 [INFO] database.db_manager: Database connection established successfully at F:\Gesture AI\gesture_ai.db
2026-08-15 21:11:51,133 [INFO] auth.auth_manager: AuthManager initialized
2026-08-15 21:11:51,201 [INFO] core.command_executor: Volume control initialized (pycaw)
2026-08-15 21:11:51,202 [INFO] core.command_executor: CommandExecutor initialized: pyautogui=True, volume=True, brightness=True, screen=1920x1080
2026-08-15 21:11:52,379 [INFO] __main__: GestureAIApp initialized
2026-08-15 21:12:07,489 [INFO] auth.auth_manager: User logged in: rudra
2026-08-15 21:12:08,111 [INFO] core.gesture_recognizer: Loaded ML model from F:\Gesture AI\models\gesture_model_1.joblib (4 gestures)
2026-08-15 21:12:08,111 [INFO] core.gesture_recognizer: GestureRecognizer initialized (user_id=1, ml_model=loaded)
2026-08-15 21:12:08,112 [INFO] training.gesture_trainer: GestureTrainer initialized for user 1
2026-08-15 21:12:08,112 [INFO] monitoring.performance_monitor: PerformanceMonitor initialized
2026-08-15 22:34:00,712 [INFO] database.db_manager: Database connection closed successfully.
2026-08-15 22:34:00,865 [INFO] __main__: Application shutdown
2026-08-15 22:34:12,508 [INFO] __main__: Starting Gesture AI — Hand Gesture Control System v1.0.0
2026-08-15 22:34:12,684 [INFO] database.db_manager: Database tables verified/created successfully.
2026-08-15 22:34:12,684 [INFO] database.db_manager: Database connection established successfully at F:\Gesture AI\gesture_ai.db
2026-08-15 22:34:12,684 [INFO] auth.auth_manager: AuthManager initialized
2026-08-15 22:34:12,722 [INFO] core.command_executor: Volume control initialized (pycaw)
2026-08-15 22:34:12,722 [INFO] core.command_executor: CommandExecutor initialized: pyautogui=True, volume=True, brightness=True, screen=1920x1080
2026-08-15 22:34:13,520 [INFO] __main__: GestureAIApp initialized
2026-08-15 22:34:26,929 [INFO] auth.auth_manager: User logged in: rudra
2026-08-15 22:34:27,508 [INFO] core.gesture_recognizer: Loaded ML model from F:\Gesture AI\models\gesture_model_1.joblib (4 gestures)
2026-08-15 22:34:27,508 [INFO] core.gesture_recognizer: GestureRecognizer initialized (user_id=1, ml_model=loaded)
2026-08-15 22:34:27,508 [INFO] training.gesture_trainer: GestureTrainer initialized for user 1
2026-08-15 22:34:27,508 [INFO] monitoring.performance_monitor: PerformanceMonitor initialized
2026-08-15 22:35:20,207 [INFO] core.video_capture: VideoCapture configured: camera=0, resolution=1280x720, fps=30
2026-08-15 22:35:22,548 [INFO] core.video_capture: Camera opened: 1280x720 @ 30fps
2026-08-15 22:35:22,592 [INFO] core.hand_detector: HandDetector initialized: max_hands=2, det_conf=0.7, track_conf=0.5
2026-08-15 22:35:22,593 [INFO] monitoring.performance_monitor: PerformanceMonitor reset
2026-08-15 22:36:19,994 [INFO] core.command_executor: Recognition PAUSED
2026-08-15 22:36:20,311 [INFO] core.command_executor: Recognition RESUMED
2026-08-15 22:36:21,522 [INFO] core.command_executor: Recognition PAUSED
2026-08-15 22:36:21,827 [INFO] core.command_executor: Recognition RESUMED
2026-08-15 22:36:22,061 [INFO] core.command_executor: Recognition PAUSED
2026-08-15 22:36:24,383 [INFO] core.command_executor: Recognition RESUMED
2026-08-15 22:36:24,688 [INFO] core.command_executor: Recognition PAUSED
2026-08-15 22:36:24,822 [INFO] core.command_executor: Recognition RESUMED
2026-08-15 22:37:28,487 [INFO] core.command_executor: Recognition PAUSED
2026-08-15 22:37:28,654 [INFO] core.command_executor: Recognition RESUMED
2026-08-15 22:37:28,809 [INFO] core.command_executor: Recognition PAUSED
2026-08-15 22:37:28,973 [INFO] core.command_executor: Recognition RESUMED
2026-08-15 22:37:30,250 [INFO] core.command_executor: Recognition PAUSED
2026-08-15 22:37:39,447 [INFO] core.command_executor: Mouse tracking enabled
2026-08-15 22:37:40,390 [INFO] core.command_executor: Mouse tracking disabled
2026-08-15 22:37:57,780 [INFO] core.command_executor: Recognition RESUMED
2026-08-15 22:37:57,940 [INFO] core.command_executor: Recognition PAUSED
2026-08-15 22:38:01,092 [INFO] core.command_executor: Recognition RESUMED
2026-08-15 22:38:01,258 [INFO] core.command_executor: Recognition PAUSED
2026-08-15 22:38:02,658 [INFO] core.command_executor: Recognition RESUMED
2026-08-15 22:38:02,823 [INFO] core.command_executor: Recognition PAUSED
2026-08-15 22:38:32,714 [INFO] core.command_executor: Recognition RESUMED
2026-08-15 22:39:12,779 [INFO] core.command_executor: Custom action registered: F (press_key: F)
2026-08-15 22:39:40,167 [INFO] core.command_executor: Recognition PAUSED
2026-08-15 22:39:40,386 [INFO] core.command_executor: Recognition RESUMED
2026-08-15 22:39:40,555 [INFO] core.command_executor: Recognition PAUSED
2026-08-15 22:39:40,711 [INFO] core.command_executor: Recognition RESUMED
2026-08-15 22:39:40,881 [INFO] core.command_executor: Recognition PAUSED
2026-08-15 22:39:41,052 [INFO] core.command_executor: Recognition RESUMED
2026-08-15 22:39:41,215 [INFO] core.command_executor: Recognition PAUSED
2026-08-15 22:39:41,392 [INFO] core.command_executor: Recognition RESUMED
2026-08-15 22:39:41,564 [INFO] core.command_executor: Recognition PAUSED
2026-08-15 22:39:41,744 [INFO] core.command_executor: Recognition RESUMED
2026-08-15 22:39:41,907 [INFO] core.command_executor: Recognition PAUSED
2026-08-15 22:39:42,092 [INFO] core.command_executor: Recognition RESUMED
2026-08-15 22:39:42,245 [INFO] core.command_executor: Recognition PAUSED
2026-08-15 22:39:42,407 [INFO] core.command_executor: Recognition RESUMED
2026-08-15 22:39:42,564 [INFO] core.command_executor: Recognition PAUSED
2026-08-15 22:39:42,785 [INFO] core.command_executor: Recognition RESUMED
2026-08-15 22:39:44,312 [INFO] core.command_executor: Recognition PAUSED
2026-08-15 22:39:44,485 [INFO] core.command_executor: Recognition RESUMED
2026-08-15 22:39:47,338 [INFO] core.command_executor: Recognition PAUSED
2026-08-15 22:39:47,486 [INFO] core.command_executor: Recognition RESUMED
2026-08-15 22:40:10,618 [INFO] core.command_executor: Recognition PAUSED
2026-08-15 22:40:10,872 [INFO] core.command_executor: Recognition RESUMED
2026-08-15 22:40:11,074 [INFO] core.command_executor: Recognition PAUSED
2026-08-15 22:40:11,282 [INFO] core.command_executor: Recognition RESUMED
2026-08-15 22:40:11,502 [INFO] core.command_executor: Recognition PAUSED
2026-08-15 22:40:11,708 [INFO] core.command_executor: Recognition RESUMED
2026-08-15 22:40:11,916 [INFO] core.command_executor: Recognition PAUSED
2026-08-15 22:40:12,129 [INFO] core.command_executor: Recognition RESUMED
2026-08-15 22:40:12,344 [INFO] core.command_executor: Recognition PAUSED
2026-08-15 22:40:12,573 [INFO] core.command_executor: Recognition RESUMED
2026-08-15 22:40:12,779 [INFO] core.command_executor: Recognition PAUSED
2026-08-15 22:40:12,971 [INFO] core.command_executor: Recognition RESUMED
2026-08-15 22:40:13,163 [INFO] core.command_executor: Recognition PAUSED
2026-08-15 22:40:13,378 [INFO] core.command_executor: Recognition RESUMED
2026-08-15 22:40:13,585 [INFO] core.command_executor: Recognition PAUSED
2026-08-15 22:40:13,807 [INFO] core.command_executor: Recognition RESUMED
2026-08-15 22:40:14,784 [INFO] core.command_executor: Recognition PAUSED
2026-08-15 22:40:15,001 [INFO] core.command_executor: Recognition RESUMED
2026-08-15 22:40:16,152 [INFO] core.command_executor: Recognition PAUSED
2026-08-15 22:40:16,411 [INFO] core.command_executor: Recognition RESUMED
2026-08-15 22:40:16,661 [INFO] core.command_executor: Recognition PAUSED
2026-08-15 22:41:31,197 [INFO] training.gesture_trainer: Loaded 2928 samples across 5 gestures
2026-08-15 22:41:31,227 [INFO] training.gesture_trainer: Training set: 2342, Test set: 586
2026-08-15 22:41:31,728 [INFO] training.gesture_trainer: RandomForest accuracy: 1.0000
2026-08-15 22:41:32,171 [INFO] training.gesture_trainer: MLP accuracy: 0.9915
2026-08-15 22:41:32,325 [INFO] training.gesture_trainer: Best model (RandomForest) saved to F:\Gesture AI\models\gesture_model_1.joblib
2026-08-15 22:41:32,388 [INFO] core.gesture_recognizer: Loaded ML model from F:\Gesture AI\models\gesture_model_1.joblib (5 gestures)
2026-08-15 22:41:39,999 [INFO] core.command_executor: Recognition RESUMED
2026-08-15 22:41:40,178 [INFO] core.command_executor: Recognition PAUSED
2026-08-15 22:41:41,324 [INFO] core.command_executor: Recognition RESUMED
2026-08-15 22:42:16,478 [INFO] core.command_executor: Mouse tracking enabled
2026-08-15 22:43:15,424 [INFO] core.command_executor: Mouse tracking disabled
2026-08-15 22:43:44,896 [INFO] core.command_executor: Recognition PAUSED
2026-08-15 22:43:45,082 [INFO] core.command_executor: Recognition RESUMED
2026-08-15 22:43:46,943 [INFO] core.command_executor: Recognition PAUSED
2026-08-15 23:06:25,171 [INFO] core.video_capture: Camera released
2026-08-15 23:06:25,191 [INFO] core.hand_detector: HandDetector closed
2026-08-15 23:06:25,195 [INFO] database.db_manager: Database connection closed successfully.
2026-08-15 23:06:25,382 [INFO] __main__: Application shutdown
2026-08-15 23:07:09,536 [INFO] __main__: Starting Gesture AI — Hand Gesture Control System v1.0.0
2026-08-15 23:07:09,648 [INFO] database.db_manager: Database tables verified/created successfully.
2026-08-15 23:07:09,648 [INFO] database.db_manager: Database connection established successfully at F:\Gesture AI\gesture_ai.db
2026-08-15 23:07:09,649 [INFO] auth.auth_manager: AuthManager initialized
2026-08-15 23:07:09,686 [INFO] core.command_executor: Volume control initialized (pycaw)
2026-08-15 23:07:09,686 [INFO] core.command_executor: CommandExecutor initialized: pyautogui=True, volume=True, brightness=True, screen=1920x1080
2026-08-15 23:07:10,100 [INFO] __main__: GestureAIApp initialized
2026-08-15 23:07:19,394 [INFO] auth.auth_manager: User logged in: rudra
2026-08-15 23:07:19,964 [INFO] core.gesture_recognizer: Loaded ML model from F:\Gesture AI\models\gesture_model_1.joblib (5 gestures)
2026-08-15 23:07:19,965 [INFO] core.gesture_recognizer: GestureRecognizer initialized (user_id=1, ml_model=loaded)
2026-08-15 23:07:19,965 [INFO] training.gesture_trainer: GestureTrainer initialized for user 1
2026-08-15 23:07:19,965 [INFO] monitoring.performance_monitor: PerformanceMonitor initialized
2026-08-15 23:07:28,281 [INFO] core.video_capture: VideoCapture configured: camera=0, resolution=1280x720, fps=30
2026-08-15 23:07:30,484 [INFO] core.video_capture: Camera opened: 1280x720 @ 30fps
2026-08-15 23:07:30,492 [INFO] core.hand_detector: HandDetector initialized: max_hands=2, det_conf=0.7, track_conf=0.5
2026-08-15 23:07:30,492 [INFO] monitoring.performance_monitor: PerformanceMonitor reset
2026-08-15 23:07:51,735 [INFO] core.video_capture: Camera released
2026-08-15 23:07:51,745 [INFO] core.hand_detector: HandDetector closed
2026-08-15 23:07:51,756 [INFO] auth.auth_manager: User logged out: rudra
2026-08-15 23:08:06,317 [INFO] auth.auth_manager: User logged in: rudra
2026-08-15 23:08:06,879 [INFO] core.gesture_recognizer: Loaded ML model from F:\Gesture AI\models\gesture_model_1.joblib (5 gestures)
2026-08-15 23:08:06,879 [INFO] core.gesture_recognizer: GestureRecognizer initialized (user_id=1, ml_model=loaded)
2026-08-15 23:08:06,879 [INFO] training.gesture_trainer: GestureTrainer initialized for user 1
2026-08-15 23:08:06,879 [INFO] monitoring.performance_monitor: PerformanceMonitor initialized
2026-08-15 23:08:12,307 [INFO] database.db_manager: Database connection closed successfully.
2026-08-15 23:08:12,338 [INFO] __main__: Application shutdown
2026-08-15 23:11:23,835 [INFO] __main__: Starting Gesture AI — Hand Gesture Control System v1.0.0
2026-08-15 23:11:23,955 [INFO] database.db_manager: Database tables verified/created successfully.
2026-08-15 23:11:23,955 [INFO] database.db_manager: Database connection established successfully at F:\Gesture AI\gesture_ai.db
2026-08-15 23:11:23,955 [INFO] auth.auth_manager: AuthManager initialized
2026-08-15 23:11:23,998 [INFO] core.command_executor: Volume control initialized (pycaw)
2026-08-15 23:11:23,998 [INFO] core.command_executor: CommandExecutor initialized: pyautogui=True, volume=True, brightness=True, screen=1920x1080
2026-08-15 23:11:24,395 [INFO] __main__: GestureAIApp initialized
2026-08-15 23:11:33,793 [INFO] auth.auth_manager: User logged in: rudra
2026-08-15 23:11:34,351 [INFO] core.gesture_recognizer: Loaded ML model from F:\Gesture AI\models\gesture_model_1.joblib (5 gestures)
2026-08-15 23:11:34,351 [INFO] core.gesture_recognizer: GestureRecognizer initialized (user_id=1, ml_model=loaded)
2026-08-15 23:11:34,351 [INFO] training.gesture_trainer: GestureTrainer initialized for user 1
2026-08-15 23:11:34,351 [INFO] monitoring.performance_monitor: PerformanceMonitor initialized
2026-08-15 23:11:35,044 [INFO] core.command_executor: Custom action registered: F (press_key: F)
2026-08-15 23:11:47,264 [INFO] core.command_executor: Cooldown set to 350ms
2026-08-15 23:11:47,434 [INFO] core.command_executor: Cooldown set to 350ms
2026-08-15 23:11:47,436 [INFO] core.command_executor: Cooldown set to 350ms
2026-08-15 23:11:47,436 [INFO] core.command_executor: Cooldown set to 400ms
2026-08-15 23:11:47,436 [INFO] core.command_executor: Cooldown set to 400ms
2026-08-15 23:11:47,456 [INFO] core.command_executor: Cooldown set to 400ms
2026-08-15 23:11:47,456 [INFO] core.command_executor: Cooldown set to 400ms
2026-08-15 23:11:47,456 [INFO] core.command_executor: Cooldown set to 400ms
2026-08-15 23:11:47,456 [INFO] core.command_executor: Cooldown set to 400ms
2026-08-15 23:11:47,473 [INFO] core.command_executor: Cooldown set to 400ms
2026-08-15 23:11:47,473 [INFO] core.command_executor: Cooldown set to 400ms
2026-08-15 23:11:47,473 [INFO] core.command_executor: Cooldown set to 450ms
2026-08-15 23:11:47,473 [INFO] core.command_executor: Cooldown set to 450ms
2026-08-15 23:11:47,488 [INFO] core.command_executor: Cooldown set to 450ms
2026-08-15 23:11:47,489 [INFO] core.command_executor: Cooldown set to 450ms
2026-08-15 23:11:47,489 [INFO] core.command_executor: Cooldown set to 450ms
2026-08-15 23:11:47,489 [INFO] core.command_executor: Cooldown set to 450ms
2026-08-15 23:11:47,489 [INFO] core.command_executor: Cooldown set to 450ms
2026-08-15 23:11:47,506 [INFO] core.command_executor: Cooldown set to 450ms
2026-08-15 23:11:47,506 [INFO] core.command_executor: Cooldown set to 500ms
2026-08-15 23:11:47,506 [INFO] core.command_executor: Cooldown set to 500ms
2026-08-15 23:11:47,523 [INFO] core.command_executor: Cooldown set to 500ms
2026-08-15 23:11:47,523 [INFO] core.command_executor: Cooldown set to 500ms
2026-08-15 23:11:47,523 [INFO] core.command_executor: Cooldown set to 500ms
2026-08-15 23:11:47,540 [INFO] core.command_executor: Cooldown set to 500ms
2026-08-15 23:11:47,544 [INFO] core.command_executor: Cooldown set to 500ms
2026-08-15 23:11:47,556 [INFO] core.command_executor: Cooldown set to 500ms
2026-08-15 23:11:47,558 [INFO] core.command_executor: Cooldown set to 550ms
2026-08-15 23:11:47,573 [INFO] core.command_executor: Cooldown set to 550ms
2026-08-15 23:11:47,589 [INFO] core.command_executor: Cooldown set to 550ms
2026-08-15 23:11:47,589 [INFO] core.command_executor: Cooldown set to 550ms
2026-08-15 23:11:47,606 [INFO] core.command_executor: Cooldown set to 550ms
2026-08-15 23:11:47,606 [INFO] core.command_executor: Cooldown set to 550ms
2026-08-15 23:11:47,622 [INFO] core.command_executor: Cooldown set to 550ms
2026-08-15 23:11:47,622 [INFO] core.command_executor: Cooldown set to 550ms
2026-08-15 23:11:47,639 [INFO] core.command_executor: Cooldown set to 550ms
2026-08-15 23:11:47,656 [INFO] core.command_executor: Cooldown set to 600ms
2026-08-15 23:11:47,673 [INFO] core.command_executor: Cooldown set to 600ms
2026-08-15 23:11:47,706 [INFO] core.command_executor: Cooldown set to 600ms
2026-08-15 23:11:47,740 [INFO] core.command_executor: Cooldown set to 600ms
2026-08-15 23:11:48,322 [INFO] core.command_executor: Cooldown set to 600ms
2026-08-15 23:11:48,322 [INFO] core.command_executor: Cooldown set to 600ms
2026-08-15 23:11:48,340 [INFO] core.command_executor: Cooldown set to 600ms
2026-08-15 23:11:48,356 [INFO] core.command_executor: Cooldown set to 600ms
2026-08-15 23:11:50,092 [INFO] core.command_executor: Cooldown set to 600ms
2026-08-15 23:11:50,092 [INFO] core.command_executor: Cooldown set to 650ms
2026-08-15 23:11:50,104 [INFO] core.command_executor: Cooldown set to 650ms
2026-08-15 23:11:50,104 [INFO] core.command_executor: Cooldown set to 650ms
2026-08-15 23:11:50,104 [INFO] core.command_executor: Cooldown set to 650ms
2026-08-15 23:11:50,119 [INFO] core.command_executor: Cooldown set to 650ms
2026-08-15 23:11:50,120 [INFO] core.command_executor: Cooldown set to 650ms
2026-08-15 23:11:50,120 [INFO] core.command_executor: Cooldown set to 650ms
2026-08-15 23:11:50,120 [INFO] core.command_executor: Cooldown set to 700ms
2026-08-15 23:11:50,137 [INFO] core.command_executor: Cooldown set to 700ms
2026-08-15 23:11:50,137 [INFO] core.command_executor: Cooldown set to 700ms
2026-08-15 23:11:50,154 [INFO] core.command_executor: Cooldown set to 700ms
2026-08-15 23:11:50,180 [INFO] core.command_executor: Cooldown set to 700ms
2026-08-15 23:11:50,286 [INFO] core.command_executor: Cooldown set to 700ms
2026-08-15 23:11:50,302 [INFO] core.command_executor: Cooldown set to 700ms
2026-08-15 23:11:50,340 [INFO] core.command_executor: Cooldown set to 700ms
2026-08-15 23:11:50,370 [INFO] core.command_executor: Cooldown set to 700ms
2026-08-15 23:11:50,387 [INFO] core.command_executor: Cooldown set to 750ms
2026-08-15 23:11:50,404 [INFO] core.command_executor: Cooldown set to 750ms
2026-08-15 23:11:50,411 [INFO] core.command_executor: Cooldown set to 750ms
2026-08-15 23:11:50,421 [INFO] core.command_executor: Cooldown set to 750ms
2026-08-15 23:11:50,471 [INFO] core.command_executor: Cooldown set to 750ms
2026-08-15 23:11:50,536 [INFO] core.command_executor: Cooldown set to 750ms
2026-08-15 23:11:50,557 [INFO] core.command_executor: Cooldown set to 750ms
2026-08-15 23:11:50,656 [INFO] core.command_executor: Cooldown set to 750ms
2026-08-15 23:11:50,688 [INFO] core.command_executor: Cooldown set to 800ms
2026-08-15 23:11:50,707 [INFO] core.command_executor: Cooldown set to 800ms
2026-08-15 23:11:50,721 [INFO] core.command_executor: Cooldown set to 800ms
2026-08-15 23:11:50,754 [INFO] core.command_executor: Cooldown set to 800ms
2026-08-15 23:11:50,786 [INFO] core.command_executor: Cooldown set to 800ms
2026-08-15 23:11:50,878 [INFO] core.command_executor: Cooldown set to 800ms
2026-08-15 23:11:50,902 [INFO] core.command_executor: Cooldown set to 800ms
2026-08-15 23:11:51,104 [INFO] core.command_executor: Cooldown set to 800ms
2026-08-15 23:11:51,139 [INFO] core.command_executor: Cooldown set to 800ms
2026-08-15 23:11:51,171 [INFO] core.command_executor: Cooldown set to 850ms
2026-08-15 23:11:51,189 [INFO] core.command_executor: Cooldown set to 850ms
2026-08-15 23:11:51,204 [INFO] core.command_executor: Cooldown set to 850ms
2026-08-15 23:11:51,208 [INFO] core.command_executor: Cooldown set to 850ms
2026-08-15 23:11:51,220 [INFO] core.command_executor: Cooldown set to 850ms
2026-08-15 23:11:51,311 [INFO] core.command_executor: Cooldown set to 850ms
2026-08-15 23:11:51,352 [INFO] core.command_executor: Cooldown set to 850ms
2026-08-15 23:11:51,585 [INFO] core.command_executor: Cooldown set to 850ms
2026-08-15 23:11:51,597 [INFO] core.command_executor: Cooldown set to 850ms
2026-08-15 23:11:51,619 [INFO] core.command_executor: Cooldown set to 900ms
2026-08-15 23:11:51,636 [INFO] core.command_executor: Cooldown set to 900ms
2026-08-15 23:11:51,670 [INFO] core.command_executor: Cooldown set to 900ms
2026-08-15 23:11:51,687 [INFO] core.command_executor: Cooldown set to 900ms
2026-08-15 23:11:51,703 [INFO] core.command_executor: Cooldown set to 900ms
2026-08-15 23:11:51,738 [INFO] core.command_executor: Cooldown set to 900ms
2026-08-15 23:11:51,786 [INFO] core.command_executor: Cooldown set to 900ms
2026-08-15 23:11:51,819 [INFO] core.command_executor: Cooldown set to 900ms
2026-08-15 23:11:51,870 [INFO] core.command_executor: Cooldown set to 950ms
2026-08-15 23:11:51,889 [INFO] core.command_executor: Cooldown set to 950ms
2026-08-15 23:11:51,919 [INFO] core.command_executor: Cooldown set to 950ms
2026-08-15 23:11:51,919 [INFO] core.command_executor: Cooldown set to 950ms
2026-08-15 23:11:51,919 [INFO] core.command_executor: Cooldown set to 950ms
2026-08-15 23:11:51,938 [INFO] core.command_executor: Cooldown set to 950ms
2026-08-15 23:11:51,953 [INFO] core.command_executor: Cooldown set to 950ms
2026-08-15 23:11:52,002 [INFO] core.command_executor: Cooldown set to 950ms
2026-08-15 23:11:52,041 [INFO] core.command_executor: Cooldown set to 950ms
2026-08-15 23:11:52,087 [INFO] core.command_executor: Cooldown set to 950ms
2026-08-15 23:11:52,201 [INFO] core.command_executor: Cooldown set to 1000ms
2026-08-15 23:11:52,256 [INFO] core.command_executor: Cooldown set to 1000ms
2026-08-15 23:11:52,270 [INFO] core.command_executor: Cooldown set to 1000ms
2026-08-15 23:11:52,285 [INFO] core.command_executor: Cooldown set to 1000ms
2026-08-15 23:11:52,290 [INFO] core.command_executor: Cooldown set to 1000ms
2026-08-15 23:11:52,302 [INFO] core.command_executor: Cooldown set to 1000ms
2026-08-15 23:11:52,337 [INFO] core.command_executor: Cooldown set to 1000ms
2026-08-15 23:11:52,370 [INFO] core.command_executor: Cooldown set to 1000ms
2026-08-15 23:11:52,402 [INFO] core.command_executor: Cooldown set to 1000ms
2026-08-15 23:11:52,417 [INFO] core.command_executor: Cooldown set to 1000ms
2026-08-15 23:11:52,418 [INFO] core.command_executor: Cooldown set to 1050ms
2026-08-15 23:11:52,923 [INFO] core.command_executor: Cooldown set to 1000ms
2026-08-15 23:11:52,939 [INFO] core.command_executor: Cooldown set to 1000ms
2026-08-15 23:11:52,959 [INFO] core.command_executor: Cooldown set to 1000ms
2026-08-15 23:11:52,967 [INFO] core.command_executor: Cooldown set to 1000ms
2026-08-15 23:11:52,977 [INFO] core.command_executor: Cooldown set to 1000ms
2026-08-15 23:11:52,984 [INFO] core.command_executor: Cooldown set to 1000ms
2026-08-15 23:11:53,005 [INFO] core.command_executor: Cooldown set to 1000ms
2026-08-15 23:11:53,034 [INFO] core.command_executor: Cooldown set to 1000ms
2026-08-15 23:11:53,084 [INFO] core.command_executor: Cooldown set to 1000ms
2026-08-15 23:11:53,101 [INFO] core.command_executor: Cooldown set to 950ms
2026-08-15 23:11:53,651 [INFO] core.command_executor: Cooldown set to 1000ms
2026-08-15 23:11:53,671 [INFO] core.command_executor: Cooldown set to 1000ms
2026-08-15 23:11:53,784 [INFO] core.command_executor: Cooldown set to 1000ms
2026-08-15 23:11:54,191 [INFO] core.command_executor: Cooldown set to 1000ms
2026-08-15 23:11:54,207 [INFO] core.command_executor: Cooldown set to 1000ms
2026-08-15 23:11:54,207 [INFO] core.command_executor: Cooldown set to 950ms
2026-08-15 23:11:54,218 [INFO] core.command_executor: Cooldown set to 950ms
2026-08-15 23:11:54,222 [INFO] core.command_executor: Cooldown set to 950ms
2026-08-15 23:11:54,226 [INFO] core.command_executor: Cooldown set to 950ms
2026-08-15 23:11:54,230 [INFO] core.command_executor: Cooldown set to 950ms
2026-08-15 23:11:54,234 [INFO] core.command_executor: Cooldown set to 950ms
2026-08-15 23:11:54,234 [INFO] core.command_executor: Cooldown set to 900ms
2026-08-15 23:11:54,234 [INFO] core.command_executor: Cooldown set to 900ms
2026-08-15 23:11:54,234 [INFO] core.command_executor: Cooldown set to 900ms
2026-08-15 23:11:54,252 [INFO] core.command_executor: Cooldown set to 900ms
2026-08-15 23:11:54,252 [INFO] core.command_executor: Cooldown set to 850ms
2026-08-15 23:11:54,252 [INFO] core.command_executor: Cooldown set to 850ms
2026-08-15 23:11:54,252 [INFO] core.command_executor: Cooldown set to 850ms
2026-08-15 23:11:54,267 [INFO] core.command_executor: Cooldown set to 850ms
2026-08-15 23:11:54,267 [INFO] core.command_executor: Cooldown set to 850ms
2026-08-15 23:11:54,267 [INFO] core.command_executor: Cooldown set to 850ms
2026-08-15 23:11:54,267 [INFO] core.command_executor: Cooldown set to 850ms
2026-08-15 23:11:54,284 [INFO] core.command_executor: Cooldown set to 850ms
2026-08-15 23:11:54,284 [INFO] core.command_executor: Cooldown set to 850ms
2026-08-15 23:11:54,284 [INFO] core.command_executor: Cooldown set to 800ms
2026-08-15 23:11:54,284 [INFO] core.command_executor: Cooldown set to 800ms
2026-08-15 23:11:54,300 [INFO] core.command_executor: Cooldown set to 800ms
2026-08-15 23:11:54,300 [INFO] core.command_executor: Cooldown set to 800ms
2026-08-15 23:11:54,317 [INFO] core.command_executor: Cooldown set to 800ms
2026-08-15 23:11:54,317 [INFO] core.command_executor: Cooldown set to 800ms
2026-08-15 23:11:54,317 [INFO] core.command_executor: Cooldown set to 800ms
2026-08-15 23:11:54,317 [INFO] core.command_executor: Cooldown set to 800ms
2026-08-15 23:11:54,332 [INFO] core.command_executor: Cooldown set to 800ms
2026-08-15 23:11:54,334 [INFO] core.command_executor: Cooldown set to 800ms
2026-08-15 23:11:54,340 [INFO] core.command_executor: Cooldown set to 750ms
2026-08-15 23:11:54,340 [INFO] core.command_executor: Cooldown set to 750ms
2026-08-15 23:11:54,340 [INFO] core.command_executor: Cooldown set to 750ms
2026-08-15 23:11:54,350 [INFO] core.command_executor: Cooldown set to 750ms
2026-08-15 23:11:54,350 [INFO] core.command_executor: Cooldown set to 750ms
2026-08-15 23:11:54,350 [INFO] core.command_executor: Cooldown set to 750ms
2026-08-15 23:11:54,350 [INFO] core.command_executor: Cooldown set to 750ms
2026-08-15 23:11:54,367 [INFO] core.command_executor: Cooldown set to 750ms
2026-08-15 23:11:54,367 [INFO] core.command_executor: Cooldown set to 700ms
2026-08-15 23:11:54,367 [INFO] core.command_executor: Cooldown set to 700ms
2026-08-15 23:11:54,384 [INFO] core.command_executor: Cooldown set to 700ms
2026-08-15 23:11:54,384 [INFO] core.command_executor: Cooldown set to 700ms
2026-08-15 23:11:54,384 [INFO] core.command_executor: Cooldown set to 700ms
2026-08-15 23:11:54,400 [INFO] core.command_executor: Cooldown set to 700ms
2026-08-15 23:11:54,400 [INFO] core.command_executor: Cooldown set to 700ms
2026-08-15 23:11:54,400 [INFO] core.command_executor: Cooldown set to 700ms
2026-08-15 23:11:54,416 [INFO] core.command_executor: Cooldown set to 700ms
2026-08-15 23:11:54,416 [INFO] core.command_executor: Cooldown set to 650ms
2026-08-15 23:11:54,416 [INFO] core.command_executor: Cooldown set to 650ms
2026-08-15 23:11:54,433 [INFO] core.command_executor: Cooldown set to 650ms
2026-08-15 23:11:54,433 [INFO] core.command_executor: Cooldown set to 650ms
2026-08-15 23:11:54,433 [INFO] core.command_executor: Cooldown set to 650ms
2026-08-15 23:11:54,433 [INFO] core.command_executor: Cooldown set to 650ms
2026-08-15 23:11:54,433 [INFO] core.command_executor: Cooldown set to 650ms
2026-08-15 23:11:54,450 [INFO] core.command_executor: Cooldown set to 650ms
2026-08-15 23:11:54,450 [INFO] core.command_executor: Cooldown set to 600ms
2026-08-15 23:11:54,450 [INFO] core.command_executor: Cooldown set to 600ms
2026-08-15 23:11:54,450 [INFO] core.command_executor: Cooldown set to 600ms
2026-08-15 23:11:54,466 [INFO] core.command_executor: Cooldown set to 600ms
2026-08-15 23:11:54,466 [INFO] core.command_executor: Cooldown set to 600ms
2026-08-15 23:11:54,466 [INFO] core.command_executor: Cooldown set to 600ms
2026-08-15 23:11:54,466 [INFO] core.command_executor: Cooldown set to 600ms
2026-08-15 23:11:54,483 [INFO] core.command_executor: Cooldown set to 600ms
2026-08-15 23:11:54,484 [INFO] core.command_executor: Cooldown set to 550ms
2026-08-15 23:11:54,484 [INFO] core.command_executor: Cooldown set to 550ms
2026-08-15 23:11:54,484 [INFO] core.command_executor: Cooldown set to 550ms
2026-08-15 23:11:54,484 [INFO] core.command_executor: Cooldown set to 550ms
2026-08-15 23:11:54,500 [INFO] core.command_executor: Cooldown set to 550ms
2026-08-15 23:11:54,500 [INFO] core.command_executor: Cooldown set to 550ms
2026-08-15 23:11:54,500 [INFO] core.command_executor: Cooldown set to 550ms
2026-08-15 23:11:54,517 [INFO] core.command_executor: Cooldown set to 550ms
2026-08-15 23:11:54,517 [INFO] core.command_executor: Cooldown set to 550ms
2026-08-15 23:11:54,517 [INFO] core.command_executor: Cooldown set to 550ms
2026-08-15 23:11:54,533 [INFO] core.command_executor: Cooldown set to 500ms
2026-08-15 23:11:54,550 [INFO] core.command_executor: Cooldown set to 500ms
2026-08-15 23:11:54,550 [INFO] core.command_executor: Cooldown set to 500ms
2026-08-15 23:11:54,567 [INFO] core.command_executor: Cooldown set to 500ms
2026-08-15 23:11:54,567 [INFO] core.command_executor: Cooldown set to 500ms
2026-08-15 23:11:54,567 [INFO] core.command_executor: Cooldown set to 500ms
2026-08-15 23:11:54,584 [INFO] core.command_executor: Cooldown set to 500ms
2026-08-15 23:11:54,584 [INFO] core.command_executor: Cooldown set to 500ms
2026-08-15 23:11:54,584 [INFO] core.command_executor: Cooldown set to 450ms
2026-08-15 23:11:54,600 [INFO] core.command_executor: Cooldown set to 450ms
2026-08-15 23:11:54,600 [INFO] core.command_executor: Cooldown set to 450ms
2026-08-15 23:11:54,600 [INFO] core.command_executor: Cooldown set to 450ms
2026-08-15 23:11:54,600 [INFO] core.command_executor: Cooldown set to 450ms
2026-08-15 23:11:54,617 [INFO] core.command_executor: Cooldown set to 450ms
2026-08-15 23:11:54,617 [INFO] core.command_executor: Cooldown set to 450ms
2026-08-15 23:11:54,617 [INFO] core.command_executor: Cooldown set to 450ms
2026-08-15 23:11:54,633 [INFO] core.command_executor: Cooldown set to 450ms
2026-08-15 23:11:54,633 [INFO] core.command_executor: Cooldown set to 450ms
2026-08-15 23:11:54,633 [INFO] core.command_executor: Cooldown set to 450ms
2026-08-15 23:11:54,633 [INFO] core.command_executor: Cooldown set to 400ms
2026-08-15 23:11:54,650 [INFO] core.command_executor: Cooldown set to 400ms
2026-08-15 23:11:54,650 [INFO] core.command_executor: Cooldown set to 400ms
2026-08-15 23:11:54,650 [INFO] core.command_executor: Cooldown set to 400ms
2026-08-15 23:11:54,665 [INFO] core.command_executor: Cooldown set to 400ms
2026-08-15 23:11:54,666 [INFO] core.command_executor: Cooldown set to 400ms
2026-08-15 23:11:54,666 [INFO] core.command_executor: Cooldown set to 400ms
2026-08-15 23:11:54,666 [INFO] core.command_executor: Cooldown set to 400ms
2026-08-15 23:11:54,683 [INFO] core.command_executor: Cooldown set to 350ms
2026-08-15 23:11:54,683 [INFO] core.command_executor: Cooldown set to 350ms
2026-08-15 23:11:54,683 [INFO] core.command_executor: Cooldown set to 350ms
2026-08-15 23:11:54,700 [INFO] core.command_executor: Cooldown set to 350ms
2026-08-15 23:11:54,700 [INFO] core.command_executor: Cooldown set to 350ms
2026-08-15 23:11:54,700 [INFO] core.command_executor: Cooldown set to 350ms
2026-08-15 23:11:54,700 [INFO] core.command_executor: Cooldown set to 350ms
2026-08-15 23:11:54,700 [INFO] core.command_executor: Cooldown set to 350ms
2026-08-15 23:11:54,716 [INFO] core.command_executor: Cooldown set to 350ms
2026-08-15 23:11:54,716 [INFO] core.command_executor: Cooldown set to 300ms
2026-08-15 23:11:54,716 [INFO] core.command_executor: Cooldown set to 300ms
2026-08-15 23:11:54,734 [INFO] core.command_executor: Cooldown set to 300ms
2026-08-15 23:11:54,734 [INFO] core.command_executor: Cooldown set to 300ms
2026-08-15 23:11:54,734 [INFO] core.command_executor: Cooldown set to 300ms
2026-08-15 23:11:54,754 [INFO] core.command_executor: Cooldown set to 250ms
2026-08-15 23:11:54,754 [INFO] core.command_executor: Cooldown set to 250ms
2026-08-15 23:11:54,766 [INFO] core.command_executor: Cooldown set to 250ms
2026-08-15 23:11:54,770 [INFO] core.command_executor: Cooldown set to 250ms
2026-08-15 23:11:54,770 [INFO] core.command_executor: Cooldown set to 250ms
2026-08-15 23:11:54,770 [INFO] core.command_executor: Cooldown set to 200ms
2026-08-15 23:11:54,784 [INFO] core.command_executor: Cooldown set to 200ms
2026-08-15 23:11:54,786 [INFO] core.command_executor: Cooldown set to 200ms
2026-08-15 23:11:54,800 [INFO] core.command_executor: Cooldown set to 200ms
2026-08-15 23:11:54,800 [INFO] core.command_executor: Cooldown set to 200ms
2026-08-15 23:11:54,816 [INFO] core.command_executor: Cooldown set to 200ms
2026-08-15 23:11:54,816 [INFO] core.command_executor: Cooldown set to 200ms
2026-08-15 23:11:54,833 [INFO] core.command_executor: Cooldown set to 200ms
2026-08-15 23:11:54,833 [INFO] core.command_executor: Cooldown set to 200ms
2026-08-15 23:11:54,833 [INFO] core.command_executor: Cooldown set to 200ms
2026-08-15 23:11:54,850 [INFO] core.command_executor: Cooldown set to 150ms
2026-08-15 23:11:54,850 [INFO] core.command_executor: Cooldown set to 150ms
2026-08-15 23:11:54,866 [INFO] core.command_executor: Cooldown set to 150ms
2026-08-15 23:11:54,866 [INFO] core.command_executor: Cooldown set to 150ms
2026-08-15 23:11:54,883 [INFO] core.command_executor: Cooldown set to 150ms
2026-08-15 23:11:54,900 [INFO] core.command_executor: Cooldown set to 150ms
2026-08-15 23:11:55,031 [INFO] core.command_executor: Cooldown set to 150ms
2026-08-15 23:11:55,047 [INFO] core.command_executor: Cooldown set to 150ms
2026-08-15 23:11:55,047 [INFO] core.command_executor: Cooldown set to 200ms
2026-08-15 23:11:55,047 [INFO] core.command_executor: Cooldown set to 200ms
2026-08-15 23:11:55,065 [INFO] core.command_executor: Cooldown set to 250ms
2026-08-15 23:11:55,066 [INFO] core.command_executor: Cooldown set to 250ms
2026-08-15 23:11:55,066 [INFO] core.command_executor: Cooldown set to 250ms
2026-08-15 23:11:55,066 [INFO] core.command_executor: Cooldown set to 250ms
2026-08-15 23:11:55,066 [INFO] core.command_executor: Cooldown set to 300ms
2026-08-15 23:11:55,082 [INFO] core.command_executor: Cooldown set to 300ms
2026-08-15 23:11:55,082 [INFO] core.command_executor: Cooldown set to 300ms
2026-08-15 23:11:55,082 [INFO] core.command_executor: Cooldown set to 350ms
2026-08-15 23:11:55,082 [INFO] core.command_executor: Cooldown set to 350ms
2026-08-15 23:11:55,098 [INFO] core.command_executor: Cooldown set to 350ms
2026-08-15 23:11:55,099 [INFO] core.command_executor: Cooldown set to 400ms
2026-08-15 23:11:55,099 [INFO] core.command_executor: Cooldown set to 400ms
2026-08-15 23:11:55,099 [INFO] core.command_executor: Cooldown set to 450ms
2026-08-15 23:11:55,099 [INFO] core.command_executor: Cooldown set to 450ms
2026-08-15 23:11:55,116 [INFO] core.command_executor: Cooldown set to 450ms
2026-08-15 23:11:55,116 [INFO] core.command_executor: Cooldown set to 500ms
2026-08-15 23:11:55,116 [INFO] core.command_executor: Cooldown set to 500ms
2026-08-15 23:11:55,116 [INFO] core.command_executor: Cooldown set to 500ms
2026-08-15 23:11:55,133 [INFO] core.command_executor: Cooldown set to 550ms
2026-08-15 23:11:55,133 [INFO] core.command_executor: Cooldown set to 550ms
2026-08-15 23:11:55,133 [INFO] core.command_executor: Cooldown set to 550ms
2026-08-15 23:11:55,133 [INFO] core.command_executor: Cooldown set to 600ms
2026-08-15 23:11:55,150 [INFO] core.command_executor: Cooldown set to 600ms
2026-08-15 23:11:55,150 [INFO] core.command_executor: Cooldown set to 600ms
2026-08-15 23:11:55,150 [INFO] core.command_executor: Cooldown set to 650ms
2026-08-15 23:11:55,150 [INFO] core.command_executor: Cooldown set to 650ms
2026-08-15 23:11:55,150 [INFO] core.command_executor: Cooldown set to 650ms
2026-08-15 23:11:55,167 [INFO] core.command_executor: Cooldown set to 650ms
2026-08-15 23:11:55,167 [INFO] core.command_executor: Cooldown set to 700ms
2026-08-15 23:11:55,167 [INFO] core.command_executor: Cooldown set to 700ms
2026-08-15 23:11:55,167 [INFO] core.command_executor: Cooldown set to 700ms
2026-08-15 23:11:55,183 [INFO] core.command_executor: Cooldown set to 700ms
2026-08-15 23:11:55,183 [INFO] core.command_executor: Cooldown set to 700ms
2026-08-15 23:11:55,183 [INFO] core.command_executor: Cooldown set to 700ms
2026-08-15 23:11:55,183 [INFO] core.command_executor: Cooldown set to 750ms
2026-08-15 23:11:55,198 [INFO] core.command_executor: Cooldown set to 750ms
2026-08-15 23:11:55,200 [INFO] core.command_executor: Cooldown set to 750ms
2026-08-15 23:11:55,200 [INFO] core.command_executor: Cooldown set to 750ms
2026-08-15 23:11:55,200 [INFO] core.command_executor: Cooldown set to 750ms
2026-08-15 23:11:55,200 [INFO] core.command_executor: Cooldown set to 750ms
2026-08-15 23:11:55,216 [INFO] core.command_executor: Cooldown set to 750ms
2026-08-15 23:11:55,216 [INFO] core.command_executor: Cooldown set to 750ms
2026-08-15 23:11:55,216 [INFO] core.command_executor: Cooldown set to 800ms
2026-08-15 23:11:55,216 [INFO] core.command_executor: Cooldown set to 800ms
2026-08-15 23:11:55,231 [INFO] core.command_executor: Cooldown set to 800ms
2026-08-15 23:11:55,233 [INFO] core.command_executor: Cooldown set to 800ms
2026-08-15 23:11:55,233 [INFO] core.command_executor: Cooldown set to 800ms
2026-08-15 23:11:55,233 [INFO] core.command_executor: Cooldown set to 800ms
2026-08-15 23:11:55,249 [INFO] core.command_executor: Cooldown set to 800ms
2026-08-15 23:11:55,249 [INFO] core.command_executor: Cooldown set to 800ms
2026-08-15 23:11:55,249 [INFO] core.command_executor: Cooldown set to 800ms
2026-08-15 23:11:55,249 [INFO] core.command_executor: Cooldown set to 800ms
2026-08-15 23:11:55,266 [INFO] core.command_executor: Cooldown set to 850ms
2026-08-15 23:11:55,266 [INFO] core.command_executor: Cooldown set to 850ms
2026-08-15 23:11:55,266 [INFO] core.command_executor: Cooldown set to 850ms
2026-08-15 23:11:55,266 [INFO] core.command_executor: Cooldown set to 850ms
2026-08-15 23:11:55,266 [INFO] core.command_executor: Cooldown set to 850ms
2026-08-15 23:11:55,283 [INFO] core.command_executor: Cooldown set to 850ms
2026-08-15 23:11:55,283 [INFO] core.command_executor: Cooldown set to 900ms
2026-08-15 23:11:55,283 [INFO] core.command_executor: Cooldown set to 900ms
2026-08-15 23:11:55,283 [INFO] core.command_executor: Cooldown set to 900ms
2026-08-15 23:11:55,299 [INFO] core.command_executor: Cooldown set to 900ms
2026-08-15 23:11:55,299 [INFO] core.command_executor: Cooldown set to 900ms
2026-08-15 23:11:55,299 [INFO] core.command_executor: Cooldown set to 900ms
2026-08-15 23:11:55,299 [INFO] core.command_executor: Cooldown set to 950ms
2026-08-15 23:11:55,299 [INFO] core.command_executor: Cooldown set to 950ms
2026-08-15 23:11:55,316 [INFO] core.command_executor: Cooldown set to 950ms
2026-08-15 23:11:55,316 [INFO] core.command_executor: Cooldown set to 950ms
2026-08-15 23:11:55,316 [INFO] core.command_executor: Cooldown set to 950ms
2026-08-15 23:11:55,316 [INFO] core.command_executor: Cooldown set to 950ms
2026-08-15 23:11:55,333 [INFO] core.command_executor: Cooldown set to 950ms
2026-08-15 23:11:55,333 [INFO] core.command_executor: Cooldown set to 1000ms
2026-08-15 23:11:55,342 [INFO] core.command_executor: Cooldown set to 1000ms
2026-08-15 23:11:55,345 [INFO] core.command_executor: Cooldown set to 1000ms
2026-08-15 23:11:55,349 [INFO] core.command_executor: Cooldown set to 1000ms
2026-08-15 23:11:55,353 [INFO] core.command_executor: Cooldown set to 1000ms
2026-08-15 23:11:55,356 [INFO] core.command_executor: Cooldown set to 1000ms
2026-08-15 23:11:55,356 [INFO] core.command_executor: Cooldown set to 1000ms
2026-08-15 23:11:55,367 [INFO] core.command_executor: Cooldown set to 1000ms
2026-08-15 23:11:55,367 [INFO] core.command_executor: Cooldown set to 1000ms
2026-08-15 23:11:55,367 [INFO] core.command_executor: Cooldown set to 1000ms
2026-08-15 23:11:55,367 [INFO] core.command_executor: Cooldown set to 1050ms
2026-08-15 23:11:55,384 [INFO] core.command_executor: Cooldown set to 1050ms
2026-08-15 23:11:55,514 [INFO] core.command_executor: Cooldown set to 1050ms
2026-08-15 23:11:55,550 [INFO] core.command_executor: Cooldown set to 1050ms
2026-08-15 23:11:55,550 [INFO] core.command_executor: Cooldown set to 1050ms
2026-08-15 23:11:55,557 [INFO] core.command_executor: Cooldown set to 1050ms
2026-08-15 23:11:55,557 [INFO] core.command_executor: Cooldown set to 1000ms
2026-08-15 23:11:55,566 [INFO] core.command_executor: Cooldown set to 1000ms
2026-08-15 23:11:55,566 [INFO] core.command_executor: Cooldown set to 1000ms
2026-08-15 23:11:55,566 [INFO] core.command_executor: Cooldown set to 950ms
2026-08-15 23:11:55,580 [INFO] core.command_executor: Cooldown set to 950ms
2026-08-15 23:11:55,586 [INFO] core.command_executor: Cooldown set to 900ms
2026-08-15 23:11:55,590 [INFO] core.command_executor: Cooldown set to 900ms
2026-08-15 23:11:55,594 [INFO] core.command_executor: Cooldown set to 850ms
2026-08-15 23:11:55,600 [INFO] core.command_executor: Cooldown set to 800ms
2026-08-15 23:11:55,600 [INFO] core.command_executor: Cooldown set to 750ms
2026-08-15 23:11:55,600 [INFO] core.command_executor: Cooldown set to 700ms
2026-08-15 23:11:55,600 [INFO] core.command_executor: Cooldown set to 700ms
2026-08-15 23:11:55,619 [INFO] core.command_executor: Cooldown set to 650ms
2026-08-15 23:11:55,619 [INFO] core.command_executor: Cooldown set to 600ms
2026-08-15 23:11:55,619 [INFO] core.command_executor: Cooldown set to 550ms
2026-08-15 23:11:55,631 [INFO] core.command_executor: Cooldown set to 500ms
2026-08-15 23:11:55,632 [INFO] core.command_executor: Cooldown set to 500ms
2026-08-15 23:11:55,632 [INFO] core.command_executor: Cooldown set to 450ms
2026-08-15 23:11:55,632 [INFO] core.command_executor: Cooldown set to 400ms
2026-08-15 23:11:55,648 [INFO] core.command_executor: Cooldown set to 350ms
2026-08-15 23:11:55,649 [INFO] core.command_executor: Cooldown set to 300ms
2026-08-15 23:11:55,649 [INFO] core.command_executor: Cooldown set to 300ms
2026-08-15 23:11:55,649 [INFO] core.command_executor: Cooldown set to 250ms
2026-08-15 23:11:55,649 [INFO] core.command_executor: Cooldown set to 250ms
2026-08-15 23:11:55,665 [INFO] core.command_executor: Cooldown set to 200ms
2026-08-15 23:11:55,665 [INFO] core.command_executor: Cooldown set to 150ms
2026-08-15 23:11:55,665 [INFO] core.command_executor: Cooldown set to 150ms
2026-08-15 23:11:55,665 [INFO] core.command_executor: Cooldown set to 100ms
2026-08-15 23:11:55,682 [INFO] core.command_executor: Cooldown set to 100ms
2026-08-15 23:11:55,683 [INFO] core.command_executor: Cooldown set to 100ms
2026-08-15 23:11:55,683 [INFO] core.command_executor: Cooldown set to 50ms
2026-08-15 23:11:55,694 [INFO] core.command_executor: Cooldown set to 50ms
2026-08-15 23:11:55,697 [INFO] core.command_executor: Cooldown set to 50ms
2026-08-15 23:11:55,702 [INFO] core.command_executor: Cooldown set to 50ms
2026-08-15 23:11:55,706 [INFO] core.command_executor: Cooldown set to 50ms
2026-08-15 23:11:55,708 [INFO] core.command_executor: Cooldown set to 50ms
2026-08-15 23:11:55,708 [INFO] core.command_executor: Cooldown set to 50ms
2026-08-15 23:11:55,717 [INFO] core.command_executor: Cooldown set to 50ms
2026-08-15 23:11:55,717 [INFO] core.command_executor: Cooldown set to 50ms
2026-08-15 23:11:55,717 [INFO] core.command_executor: Cooldown set to 50ms
2026-08-15 23:11:55,731 [INFO] core.command_executor: Cooldown set to 50ms
2026-08-15 23:11:55,733 [INFO] core.command_executor: Cooldown set to 50ms
2026-08-15 23:11:55,733 [INFO] core.command_executor: Cooldown set to 50ms
2026-08-15 23:11:55,733 [INFO] core.command_executor: Cooldown set to 50ms
2026-08-15 23:11:55,749 [INFO] core.command_executor: Cooldown set to 50ms
2026-08-15 23:11:55,749 [INFO] core.command_executor: Cooldown set to 50ms
2026-08-15 23:11:55,749 [INFO] core.command_executor: Cooldown set to 50ms
2026-08-15 23:11:55,749 [INFO] core.command_executor: Cooldown set to 50ms
2026-08-15 23:11:55,766 [INFO] core.command_executor: Cooldown set to 50ms
2026-08-15 23:11:55,769 [INFO] core.command_executor: Cooldown set to 50ms
2026-08-15 23:11:55,769 [INFO] core.command_executor: Cooldown set to 50ms
2026-08-15 23:11:55,783 [INFO] core.command_executor: Cooldown set to 50ms
2026-08-15 23:11:55,799 [INFO] core.command_executor: Cooldown set to 50ms
2026-08-15 23:11:56,061 [INFO] core.command_executor: Cooldown set to 50ms
2026-08-15 23:11:56,061 [INFO] core.command_executor: Cooldown set to 50ms
2026-08-15 23:11:56,077 [INFO] core.command_executor: Cooldown set to 50ms
2026-08-15 23:11:56,081 [INFO] core.command_executor: Cooldown set to 50ms
2026-08-15 23:11:56,081 [INFO] core.command_executor: Cooldown set to 50ms
2026-08-15 23:11:56,081 [INFO] core.command_executor: Cooldown set to 50ms
2026-08-15 23:11:56,081 [INFO] core.command_executor: Cooldown set to 50ms
2026-08-15 23:11:56,098 [INFO] core.command_executor: Cooldown set to 50ms
2026-08-15 23:11:56,098 [INFO] core.command_executor: Cooldown set to 50ms
2026-08-15 23:11:56,098 [INFO] core.command_executor: Cooldown set to 50ms
2026-08-15 23:11:56,098 [INFO] core.command_executor: Cooldown set to 50ms
2026-08-15 23:11:56,115 [INFO] core.command_executor: Cooldown set to 50ms
2026-08-15 23:11:56,115 [INFO] core.command_executor: Cooldown set to 50ms
2026-08-15 23:11:56,115 [INFO] core.command_executor: Cooldown set to 50ms
2026-08-15 23:11:56,115 [INFO] core.command_executor: Cooldown set to 50ms
2026-08-15 23:11:56,132 [INFO] core.command_executor: Cooldown set to 50ms
2026-08-15 23:11:56,132 [INFO] core.command_executor: Cooldown set to 50ms
2026-08-15 23:11:56,132 [INFO] core.command_executor: Cooldown set to 50ms
2026-08-15 23:11:56,132 [INFO] core.command_executor: Cooldown set to 100ms
2026-08-15 23:11:56,151 [INFO] core.command_executor: Cooldown set to 100ms
2026-08-15 23:11:56,155 [INFO] core.command_executor: Cooldown set to 100ms
2026-08-15 23:11:56,159 [INFO] core.command_executor: Cooldown set to 150ms
2026-08-15 23:11:56,163 [INFO] core.command_executor: Cooldown set to 150ms
2026-08-15 23:11:56,165 [INFO] core.command_executor: Cooldown set to 150ms
2026-08-15 23:11:56,165 [INFO] core.command_executor: Cooldown set to 150ms
2026-08-15 23:11:56,165 [INFO] core.command_executor: Cooldown set to 200ms
2026-08-15 23:11:56,165 [INFO] core.command_executor: Cooldown set to 200ms
2026-08-15 23:11:56,182 [INFO] core.command_executor: Cooldown set to 200ms
2026-08-15 23:11:56,189 [INFO] core.command_executor: Cooldown set to 200ms
2026-08-15 23:11:56,189 [INFO] core.command_executor: Cooldown set to 200ms
2026-08-15 23:11:56,197 [INFO] core.command_executor: Cooldown set to 200ms
2026-08-15 23:11:56,201 [INFO] core.command_executor: Cooldown set to 250ms
2026-08-15 23:11:56,201 [INFO] core.command_executor: Cooldown set to 250ms
2026-08-15 23:11:56,201 [INFO] core.command_executor: Cooldown set to 250ms
2026-08-15 23:11:56,201 [INFO] core.command_executor: Cooldown set to 250ms
2026-08-15 23:11:56,216 [INFO] core.command_executor: Cooldown set to 250ms
2026-08-15 23:11:56,216 [INFO] core.command_executor: Cooldown set to 300ms
2026-08-15 23:11:56,216 [INFO] core.command_executor: Cooldown set to 300ms
2026-08-15 23:11:56,216 [INFO] core.command_executor: Cooldown set to 300ms
2026-08-15 23:11:56,232 [INFO] core.command_executor: Cooldown set to 300ms
2026-08-15 23:11:56,232 [INFO] core.command_executor: Cooldown set to 300ms
2026-08-15 23:11:56,232 [INFO] core.command_executor: Cooldown set to 300ms
2026-08-15 23:11:56,232 [INFO] core.command_executor: Cooldown set to 300ms
2026-08-15 23:11:56,248 [INFO] core.command_executor: Cooldown set to 300ms
2026-08-15 23:11:56,248 [INFO] core.command_executor: Cooldown set to 350ms
2026-08-15 23:11:56,248 [INFO] core.command_executor: Cooldown set to 350ms
2026-08-15 23:11:56,248 [INFO] core.command_executor: Cooldown set to 350ms
2026-08-15 23:11:56,248 [INFO] core.command_executor: Cooldown set to 350ms
2026-08-15 23:11:56,265 [INFO] core.command_executor: Cooldown set to 350ms
2026-08-15 23:11:56,265 [INFO] core.command_executor: Cooldown set to 350ms
2026-08-15 23:11:56,265 [INFO] core.command_executor: Cooldown set to 350ms
2026-08-15 23:11:56,265 [INFO] core.command_executor: Cooldown set to 350ms
2026-08-15 23:11:56,282 [INFO] core.command_executor: Cooldown set to 350ms
2026-08-15 23:11:56,282 [INFO] core.command_executor: Cooldown set to 350ms
2026-08-15 23:11:56,282 [INFO] core.command_executor: Cooldown set to 350ms
2026-08-15 23:11:56,282 [INFO] core.command_executor: Cooldown set to 400ms
2026-08-15 23:11:56,299 [INFO] core.command_executor: Cooldown set to 400ms
2026-08-15 23:11:56,302 [INFO] core.command_executor: Cooldown set to 400ms
2026-08-15 23:11:56,302 [INFO] core.command_executor: Cooldown set to 400ms
2026-08-15 23:11:56,302 [INFO] core.command_executor: Cooldown set to 400ms
2026-08-15 23:11:56,315 [INFO] core.command_executor: Cooldown set to 400ms
2026-08-15 23:11:56,324 [INFO] core.command_executor: Cooldown set to 400ms
2026-08-15 23:11:56,324 [INFO] core.command_executor: Cooldown set to 400ms
2026-08-15 23:11:56,332 [INFO] core.command_executor: Cooldown set to 450ms
2026-08-15 23:11:56,340 [INFO] core.command_executor: Cooldown set to 450ms
2026-08-15 23:11:56,348 [INFO] core.command_executor: Cooldown set to 450ms
2026-08-15 23:11:56,349 [INFO] core.command_executor: Cooldown set to 450ms
2026-08-15 23:11:56,365 [INFO] core.command_executor: Cooldown set to 450ms
2026-08-15 23:11:56,365 [INFO] core.command_executor: Cooldown set to 450ms
2026-08-15 23:11:56,382 [INFO] core.command_executor: Cooldown set to 450ms
2026-08-15 23:11:56,399 [INFO] core.command_executor: Cooldown set to 450ms
2026-08-15 23:11:56,421 [INFO] core.command_executor: Cooldown set to 450ms
2026-08-15 23:11:56,437 [INFO] core.command_executor: Cooldown set to 500ms
2026-08-15 23:11:56,445 [INFO] core.command_executor: Cooldown set to 500ms
2026-08-15 23:11:56,453 [INFO] core.command_executor: Cooldown set to 500ms
2026-08-15 23:11:56,461 [INFO] core.command_executor: Cooldown set to 500ms
2026-08-15 23:11:56,484 [INFO] core.command_executor: Cooldown set to 500ms
2026-08-15 23:11:56,790 [INFO] core.command_executor: Cooldown set to 500ms
2026-08-15 23:11:56,790 [INFO] core.command_executor: Cooldown set to 500ms
2026-08-15 23:11:56,802 [INFO] core.command_executor: Cooldown set to 500ms
2026-08-15 23:11:56,805 [INFO] core.command_executor: Cooldown set to 500ms
2026-08-15 23:11:56,805 [INFO] core.command_executor: Cooldown set to 550ms
2026-08-15 23:11:56,815 [INFO] core.command_executor: Cooldown set to 550ms
2026-08-15 23:11:56,831 [INFO] core.command_executor: Cooldown set to 550ms
2026-08-15 23:11:56,848 [INFO] core.command_executor: Cooldown set to 550ms
2026-08-15 23:11:57,223 [INFO] core.command_executor: Cooldown set to 550ms
2026-08-15 23:11:57,239 [INFO] core.command_executor: Cooldown set to 550ms
2026-08-15 23:11:57,255 [INFO] core.command_executor: Cooldown set to 500ms
2026-08-15 23:11:57,264 [INFO] core.command_executor: Cooldown set to 500ms
2026-08-15 23:11:57,264 [INFO] core.command_executor: Cooldown set to 500ms
2026-08-15 23:11:57,264 [INFO] core.command_executor: Cooldown set to 500ms
2026-08-15 23:11:57,264 [INFO] core.command_executor: Cooldown set to 450ms
2026-08-15 23:11:57,281 [INFO] core.command_executor: Cooldown set to 450ms
2026-08-15 23:11:57,282 [INFO] core.command_executor: Cooldown set to 450ms
2026-08-15 23:11:57,282 [INFO] core.command_executor: Cooldown set to 450ms
2026-08-15 23:11:57,296 [INFO] core.command_executor: Cooldown set to 450ms
2026-08-15 23:11:57,298 [INFO] core.command_executor: Cooldown set to 450ms
2026-08-15 23:11:57,314 [INFO] core.command_executor: Cooldown set to 450ms
2026-08-15 23:11:57,364 [INFO] core.command_executor: Cooldown set to 450ms
2026-08-15 23:11:57,381 [INFO] core.command_executor: Cooldown set to 450ms
2026-08-15 23:11:57,483 [INFO] core.command_executor: Cooldown set to 400ms
2026-08-15 23:11:57,496 [INFO] core.command_executor: Cooldown set to 400ms
2026-08-15 23:11:57,496 [INFO] core.command_executor: Cooldown set to 400ms
2026-08-15 23:11:57,514 [INFO] core.command_executor: Cooldown set to 400ms
2026-08-15 23:11:57,611 [INFO] core.command_executor: Cooldown set to 400ms
2026-08-15 23:11:57,729 [INFO] core.command_executor: Cooldown set to 400ms
2026-08-15 23:11:57,784 [INFO] core.command_executor: Cooldown set to 400ms
2026-08-15 23:11:57,814 [INFO] core.command_executor: Cooldown set to 400ms
2026-08-15 23:11:57,883 [INFO] core.command_executor: Cooldown set to 350ms
2026-08-15 23:11:57,941 [INFO] core.command_executor: Cooldown set to 350ms
2026-08-15 23:11:58,009 [INFO] core.command_executor: Cooldown set to 350ms
2026-08-15 23:11:58,047 [INFO] core.command_executor: Cooldown set to 350ms
2026-08-15 23:11:58,145 [INFO] core.command_executor: Cooldown set to 350ms
2026-08-15 23:11:58,664 [INFO] core.command_executor: Cooldown set to 350ms
2026-08-15 23:11:58,664 [INFO] core.command_executor: Cooldown set to 350ms
2026-08-15 23:11:58,664 [INFO] core.command_executor: Cooldown set to 350ms
2026-08-15 23:11:58,664 [INFO] core.command_executor: Cooldown set to 400ms
2026-08-15 23:11:58,679 [INFO] core.command_executor: Cooldown set to 400ms
2026-08-15 23:11:58,679 [INFO] core.command_executor: Cooldown set to 400ms
2026-08-15 23:11:58,679 [INFO] core.command_executor: Cooldown set to 400ms
2026-08-15 23:11:58,679 [INFO] core.command_executor: Cooldown set to 400ms
2026-08-15 23:11:58,696 [INFO] core.command_executor: Cooldown set to 400ms
2026-08-15 23:11:58,696 [INFO] core.command_executor: Cooldown set to 400ms
2026-08-15 23:11:58,696 [INFO] core.command_executor: Cooldown set to 450ms
2026-08-15 23:11:58,696 [INFO] core.command_executor: Cooldown set to 450ms
2026-08-15 23:11:58,713 [INFO] core.command_executor: Cooldown set to 450ms
2026-08-15 23:11:58,713 [INFO] core.command_executor: Cooldown set to 450ms
2026-08-15 23:11:58,713 [INFO] core.command_executor: Cooldown set to 450ms
2026-08-15 23:11:58,730 [INFO] core.command_executor: Cooldown set to 450ms
2026-08-15 23:11:59,160 [INFO] core.command_executor: Cooldown set to 450ms
2026-08-15 23:11:59,160 [INFO] core.command_executor: Cooldown set to 400ms
2026-08-15 23:11:59,168 [INFO] core.command_executor: Cooldown set to 400ms
2026-08-15 23:11:59,174 [INFO] core.command_executor: Cooldown set to 400ms
2026-08-15 23:11:59,174 [INFO] core.command_executor: Cooldown set to 400ms
2026-08-15 23:11:59,179 [INFO] core.command_executor: Cooldown set to 400ms
2026-08-15 23:11:59,179 [INFO] core.command_executor: Cooldown set to 350ms
2026-08-15 23:11:59,179 [INFO] core.command_executor: Cooldown set to 350ms
2026-08-15 23:11:59,193 [INFO] core.command_executor: Cooldown set to 350ms
2026-08-15 23:11:59,195 [INFO] core.command_executor: Cooldown set to 350ms
2026-08-15 23:11:59,195 [INFO] core.command_executor: Cooldown set to 350ms
2026-08-15 23:11:59,204 [INFO] core.command_executor: Cooldown set to 350ms
2026-08-15 23:11:59,204 [INFO] core.command_executor: Cooldown set to 350ms
2026-08-15 23:11:59,212 [INFO] core.command_executor: Cooldown set to 350ms
2026-08-15 23:11:59,212 [INFO] core.command_executor: Cooldown set to 300ms
2026-08-15 23:11:59,212 [INFO] core.command_executor: Cooldown set to 300ms
2026-08-15 23:11:59,230 [INFO] core.command_executor: Cooldown set to 300ms
2026-08-15 23:11:59,230 [INFO] core.command_executor: Cooldown set to 300ms
2026-08-15 23:11:59,240 [INFO] core.command_executor: Cooldown set to 300ms
2026-08-15 23:11:59,635 [INFO] core.command_executor: Cooldown set to 300ms
2026-08-15 23:11:59,662 [INFO] core.command_executor: Cooldown set to 300ms
2026-08-15 23:11:59,678 [INFO] core.command_executor: Cooldown set to 300ms
2026-08-15 23:11:59,696 [INFO] core.command_executor: Cooldown set to 350ms
2026-08-15 23:11:59,716 [INFO] core.command_executor: Cooldown set to 350ms
2026-08-15 23:11:59,729 [INFO] core.command_executor: Cooldown set to 350ms
2026-08-15 23:11:59,729 [INFO] core.command_executor: Cooldown set to 350ms
2026-08-15 23:11:59,729 [INFO] core.command_executor: Cooldown set to 350ms
2026-08-15 23:11:59,746 [INFO] core.command_executor: Cooldown set to 350ms
2026-08-15 23:11:59,746 [INFO] core.command_executor: Cooldown set to 350ms
2026-08-15 23:11:59,762 [INFO] core.command_executor: Cooldown set to 350ms
2026-08-15 23:11:59,762 [INFO] core.command_executor: Cooldown set to 350ms
2026-08-15 23:11:59,780 [INFO] core.command_executor: Cooldown set to 350ms
2026-08-15 23:11:59,830 [INFO] core.command_executor: Cooldown set to 350ms
2026-08-15 23:12:50,866 [INFO] database.db_manager: Default mappings initialized for user 1
2026-08-15 23:13:11,896 [INFO] training.gesture_trainer: Deleted 0 samples for 'Zoom In'
2026-08-15 23:13:12,014 [INFO] training.gesture_trainer: Loaded 2928 samples across 5 gestures
2026-08-15 23:13:12,014 [INFO] training.gesture_trainer: Training set: 2342, Test set: 586
2026-08-15 23:13:12,334 [INFO] training.gesture_trainer: RandomForest accuracy: 1.0000
2026-08-15 23:13:12,557 [INFO] training.gesture_trainer: MLP accuracy: 0.9915
2026-08-15 23:13:12,647 [INFO] training.gesture_trainer: Best model (RandomForest) saved to F:\Gesture AI\models\gesture_model_1.joblib
2026-08-15 23:13:12,681 [INFO] core.gesture_recognizer: Loaded ML model from F:\Gesture AI\models\gesture_model_1.joblib (5 gestures)
2026-08-15 23:13:14,381 [INFO] training.gesture_trainer: Deleted 0 samples for 'Zoom Out'
2026-08-15 23:13:14,478 [INFO] training.gesture_trainer: Loaded 2928 samples across 5 gestures
2026-08-15 23:13:14,489 [INFO] training.gesture_trainer: Training set: 2342, Test set: 586
2026-08-15 23:13:14,787 [INFO] training.gesture_trainer: RandomForest accuracy: 1.0000
2026-08-15 23:13:15,021 [INFO] training.gesture_trainer: MLP accuracy: 0.9915
2026-08-15 23:13:15,096 [INFO] training.gesture_trainer: Best model (RandomForest) saved to F:\Gesture AI\models\gesture_model_1.joblib
2026-08-15 23:13:15,129 [INFO] core.gesture_recognizer: Loaded ML model from F:\Gesture AI\models\gesture_model_1.joblib (5 gestures)
2026-08-15 23:13:18,506 [INFO] training.gesture_trainer: Deleted 0 samples for 'Swipe Up'
2026-08-15 23:13:18,608 [INFO] training.gesture_trainer: Loaded 2928 samples across 5 gestures
2026-08-15 23:13:18,615 [INFO] training.gesture_trainer: Training set: 2342, Test set: 586
2026-08-15 23:13:18,920 [INFO] training.gesture_trainer: RandomForest accuracy: 1.0000
2026-08-15 23:13:19,151 [INFO] training.gesture_trainer: MLP accuracy: 0.9915
2026-08-15 23:13:19,241 [INFO] training.gesture_trainer: Best model (RandomForest) saved to F:\Gesture AI\models\gesture_model_1.joblib
2026-08-15 23:13:19,289 [INFO] core.gesture_recognizer: Loaded ML model from F:\Gesture AI\models\gesture_model_1.joblib (5 gestures)
2026-08-15 23:13:20,888 [INFO] training.gesture_trainer: Deleted 0 samples for 'Swipe Right'
2026-08-15 23:13:20,990 [INFO] training.gesture_trainer: Loaded 2928 samples across 5 gestures
2026-08-15 23:13:20,995 [INFO] training.gesture_trainer: Training set: 2342, Test set: 586
2026-08-15 23:13:21,295 [INFO] training.gesture_trainer: RandomForest accuracy: 1.0000
2026-08-15 23:13:21,517 [INFO] training.gesture_trainer: MLP accuracy: 0.9915
2026-08-15 23:13:21,596 [INFO] training.gesture_trainer: Best model (RandomForest) saved to F:\Gesture AI\models\gesture_model_1.joblib
2026-08-15 23:13:21,639 [INFO] core.gesture_recognizer: Loaded ML model from F:\Gesture AI\models\gesture_model_1.joblib (5 gestures)
2026-08-15 23:13:23,366 [INFO] training.gesture_trainer: Deleted 0 samples for 'Swipe Left'
2026-08-15 23:13:23,471 [INFO] training.gesture_trainer: Loaded 2928 samples across 5 gestures
2026-08-15 23:13:23,481 [INFO] training.gesture_trainer: Training set: 2342, Test set: 586
2026-08-15 23:13:23,779 [INFO] training.gesture_trainer: RandomForest accuracy: 1.0000
2026-08-15 23:13:24,002 [INFO] training.gesture_trainer: MLP accuracy: 0.9915
2026-08-15 23:13:24,087 [INFO] training.gesture_trainer: Best model (RandomForest) saved to F:\Gesture AI\models\gesture_model_1.joblib
2026-08-15 23:13:24,171 [INFO] core.gesture_recognizer: Loaded ML model from F:\Gesture AI\models\gesture_model_1.joblib (5 gestures)
2026-08-15 23:13:26,142 [INFO] training.gesture_trainer: Deleted 0 samples for 'Swipe Down'
2026-08-15 23:13:26,235 [INFO] training.gesture_trainer: Loaded 2928 samples across 5 gestures
2026-08-15 23:13:26,250 [INFO] training.gesture_trainer: Training set: 2342, Test set: 586
2026-08-15 23:13:26,560 [INFO] training.gesture_trainer: RandomForest accuracy: 1.0000
2026-08-15 23:13:26,810 [INFO] training.gesture_trainer: MLP accuracy: 0.9915
2026-08-15 23:13:26,901 [INFO] training.gesture_trainer: Best model (RandomForest) saved to F:\Gesture AI\models\gesture_model_1.joblib
2026-08-15 23:13:26,935 [INFO] core.gesture_recognizer: Loaded ML model from F:\Gesture AI\models\gesture_model_1.joblib (5 gestures)
2026-08-15 23:13:37,201 [INFO] training.gesture_trainer: Deleted 0 samples for 'Pinch'
2026-08-15 23:13:37,292 [INFO] training.gesture_trainer: Loaded 2928 samples across 5 gestures
2026-08-15 23:13:37,308 [INFO] training.gesture_trainer: Training set: 2342, Test set: 586
2026-08-15 23:13:37,663 [INFO] training.gesture_trainer: RandomForest accuracy: 1.0000
2026-08-15 23:13:38,063 [INFO] training.gesture_trainer: MLP accuracy: 0.9915
2026-08-15 23:13:38,142 [INFO] training.gesture_trainer: Best model (RandomForest) saved to F:\Gesture AI\models\gesture_model_1.joblib
2026-08-15 23:13:38,175 [INFO] core.gesture_recognizer: Loaded ML model from F:\Gesture AI\models\gesture_model_1.joblib (5 gestures)
2026-08-15 23:13:53,696 [INFO] training.gesture_trainer: Deleted 0 samples for 'Open Palm'
2026-08-15 23:13:53,794 [INFO] training.gesture_trainer: Loaded 2928 samples across 5 gestures
2026-08-15 23:13:53,794 [INFO] training.gesture_trainer: Training set: 2342, Test set: 586
2026-08-15 23:13:54,119 [INFO] training.gesture_trainer: RandomForest accuracy: 1.0000
2026-08-15 23:13:54,340 [INFO] training.gesture_trainer: MLP accuracy: 0.9915
2026-08-15 23:13:54,443 [INFO] training.gesture_trainer: Best model (RandomForest) saved to F:\Gesture AI\models\gesture_model_1.joblib
2026-08-15 23:13:54,478 [INFO] core.gesture_recognizer: Loaded ML model from F:\Gesture AI\models\gesture_model_1.joblib (5 gestures)
2026-08-15 23:13:59,553 [INFO] training.gesture_trainer: Deleted 0 samples for 'Fist'
2026-08-15 23:13:59,655 [INFO] training.gesture_trainer: Loaded 2928 samples across 5 gestures
2026-08-15 23:13:59,655 [INFO] training.gesture_trainer: Training set: 2342, Test set: 586
2026-08-15 23:13:59,978 [INFO] training.gesture_trainer: RandomForest accuracy: 1.0000
2026-08-15 23:14:00,199 [INFO] training.gesture_trainer: MLP accuracy: 0.9915
2026-08-15 23:14:00,304 [INFO] training.gesture_trainer: Best model (RandomForest) saved to F:\Gesture AI\models\gesture_model_1.joblib
2026-08-15 23:14:00,341 [INFO] core.gesture_recognizer: Loaded ML model from F:\Gesture AI\models\gesture_model_1.joblib (5 gestures)
2026-08-15 23:14:33,671 [INFO] training.gesture_trainer: Deleted 0 samples for 'Point'
2026-08-15 23:14:33,759 [INFO] training.gesture_trainer: Loaded 2928 samples across 5 gestures
2026-08-15 23:14:33,779 [INFO] training.gesture_trainer: Training set: 2342, Test set: 586
2026-08-15 23:14:34,127 [INFO] training.gesture_trainer: RandomForest accuracy: 1.0000
2026-08-15 23:14:34,353 [INFO] training.gesture_trainer: MLP accuracy: 0.9915
2026-08-15 23:14:34,426 [INFO] training.gesture_trainer: Best model (RandomForest) saved to F:\Gesture AI\models\gesture_model_1.joblib
2026-08-15 23:14:34,477 [INFO] core.gesture_recognizer: Loaded ML model from F:\Gesture AI\models\gesture_model_1.joblib (5 gestures)
2026-08-15 23:14:56,637 [INFO] auth.auth_manager: User logged out: rudra
2026-08-15 23:14:57,840 [INFO] database.db_manager: Database connection closed successfully.
2026-08-15 23:14:57,885 [INFO] __main__: Application shutdown
